,sample_ID,condition,Slfn4,Cyp51,Prg4,Tmem86a,Cntnap1,Slc13a3,Slc2a4,Dnah1,Etnppl,Elane,Wif1,Lpin1,Exoc3l4,Cxcl14,Tsc22d1,Irg1,Fam83f,Parvg,Csad,Fabp2,Cd4,Slc37a1,Cyp2c55,Agap2,Nptx1,Gm4956,Marco,Lcn2,Zbp1,Col15a1,Orm3,Cd72,Ttc39a,Extl1,Gabrd,Cgref1,Stap1,Sult1e1,Gpnmb,Clec4e,Bcl2l14,Dkk4,Msmo1,Smpd3,Gsta4,Ngp,Slco2a1,Oas3,Chrm1,Ypel4,Ifit1,Acot11,Grin3b,Fam65b,Klf10,Txnip,Tmc3,Cyp3a16,Ptk6,Chil3,Lrrc18,Oasl1,Dlgap3,Trim72,Slc35g1,Insig1,Pigz,6330416G13Rik,Als2cr12,Themis,Rarres1,Apol10b,Ism2,9030619P08Rik,Raet1e,Cyp3a44,Sytl5,9130230L23Rik,Ces2a,Cyp3a11,S100a9,Gsta2,Idi1,Cyp2d41-ps,Blnk,Cyp3a59,Orm2,Cfd,Tlr12,Chil1,Zbtb16,Cyp2d40,Adgrv1,Prok1,Tmem28,H2-Bl,Ly6a,Raet1d,Mup18,Ifi27l2a,Xirp1,Gm11798,Gm13502,B430219N15Rik,Gm16063,Ttc39aos1,Gm15318,Gm13203,Gm12503,Gm11752,1200007C13Rik,Ugt1a9,Gm765,Hmgcs1,1110002J07Rik,Tnfsf12,Tcf24,Gm19744,Gm28818,Gm28347,Gm37844,Gm31121,Cyp3a63-ps,Gm43072,Gm42879,Gm43800,Cc2d2b
1,7A_Index01_control8.count,control8.count,0.00959256096953941,7.32107569664086,2.75772214824744,1.42184448612247,0.12256274885336,0.182927717150808,0.0212734139731555,0.000756870306025181,9.29273251209556,0.050475501920558,0.000720905603144825,3.51284611077405,0.0349581295567015,0.197663789541844,0.3571976,0.007514523,0.07235075,0.05327052,44.92886,11.29587,0.06334107,0.0296057,0.4561843,0.07752871,0,1.359516,0.1040818,0.4648417,0.3104446,0.03342337,0.186571,0.1236239,0.01071957,0.1662143,0.00915212,0.0405509,0.01957798,0.00307679,0.002796528,0.005948765,0.001133405,0,9.468776,0.01153541,3.725534,0,1.421173,0.0459954,0,0,0.6286586,0.1559009,0.01484803,0.008402569,10.28004,60.49223,0.00590812,0.1057527,0.07156818,0,0.02613914,0.507773,0.007798066,0.04750112,5.253216,25.32982,0.005913158,0.2100805,0.0004897215,0.004351266,0.9838663,0.02209463,0.00456407,0.3869908,0.03300783,0.01507523,0.008607254,0.02025105,41.39098,223.7584,0.1011348,0.7715059,1.981632,0.1207699,0.01795347,0.8610822,1.023233,1.212608,2.580197,0.01201047,0.1220245,5.466666,0.004065412,0.4382736,0.04328224,0.4563248,1.097182,1.211855,0.7891577,0.8574001,0.01220995,0.08241928,1.089485,0.2049357,0.01692288,0,0.3173768,0.02504928,0,0.1350503,0.004037447,0.1500428,0.007410629,17.22212,0.04021962,0.4256899,1.509783,0,0.01042543,0,0,0.0002465155,0.03398762,0.474737,0.2388695,0.2464631,0.0006086505
2,7A_Index02_control8.count,control8.count,0.0168402535444794,3.68652250740606,2.20844687188591,2.09189339180324,0.224043643439729,0.205120821507665,0.0280099615370345,0,19.3165061190065,0.0332296656554845,0,2.568278736401,0.0552337785853542,0.0440434942321745,0.253401,0.05276858,0.1041233,0.0751494,46.42062,12.01106,0.04977036,0.08770678,0.4205381,0.1686528,0,0.9301356,0.2097141,1.302773,0.87406,0.0295392,0.1133776,0.2480324,0.01909553,0.1036651,0.009640221,0.1042414,0.03130142,0,0.02209255,0.003916265,0.01865394,0,4.785903,0.01704051,3.785478,0.02907341,1.476494,0.08633098,0,0.0137674,1.458057,0.05864835,0.00488747,0.009184684,7.803455,81.46148,0.007001114,0.1288215,0.06980098,0.001581693,0.01456082,0.6771937,0.00980074,0.01786945,4.701007,20.71206,0.002595216,0.257094,0.0006447992,0.001322114,0.2935483,0.03173589,0.003004676,0.09741154,0.009690464,0.01290187,0.01307639,0.01523648,53.30782,261.5644,0.245835,1.045203,0.9744452,0.2650225,0.01061329,2.168926,1.494899,0.1052703,2.819423,0.003953442,0.08242379,4.082859,0.002705804,0.6320176,0.01937599,0.3004135,1.334269,0.6964767,0.7033613,0.8780401,0.05144455,0.1446915,0.5090114,0.2158653,0.01485451,0.1474021,0.3810073,0.09894453,0,0.2462068,0.04252772,0.3451358,0.00473082,7.844124,0.05295577,0.6956682,2.138598,0.008444517,0.02470824,0.0285275,0,0,0.06392902,0.7576602,0.1572556,0.3940471,0.0004006945
3,7A_Index03_treated8.count,treated8.count,0.0479733231074384,2.26741738748388,4.30745120709617,5.58498626800878,1.8941032506805,0.549457489924405,0.243178048459652,0.00432592164540486,2.41951497826667,0.144247346330397,0.00154513649570073,1.52627913986917,0.082419376018509,0.3823786391339,1.037444,0.1252695,0.2548459,0.1540472,9.709281,38.67059,0.05693188,0.07154206,0.08954303,0.3756873,0.02661232,0.2891543,0.08337385,6.224552,0.803483,0.1000958,3.957813,0.4416107,0.1252393,0.9000039,0.0444629,0.7532532,0.293734,0.06374748,0.1668295,0.1020012,0.0291511,0.09830824,3.425235,0.2834233,1.482004,0,0.3390357,0.1300459,0.01214416,0.0896448,1.289164,0.5103122,0.2970257,0.02446567,4.823579,39.34335,0.01266303,0.0339223,0.1477128,0.01201551,0.04740553,0.9993854,0.001519437,0.0921142,2.718515,17.67321,0.01689844,0.3599678,0.02729047,0.09995758,3.811532,0.02870062,0.00652153,3.252737,0.01688995,0,0.002207472,0.006889622,13.54243,61.56145,0.2890199,0.1677856,0.3706182,0.2465232,0.04188316,0.6530439,4.075802,60.32002,14.76884,0.06006552,0.02136937,12.32106,0.02119329,0.5666003,0.4786829,0.3678149,1.992345,0.5738299,1.604683,2.790564,0.0453612,0,0.2008708,0.6442249,0.02418085,0.88708,0.5168507,0.09544675,0.004118573,1.499239,0.01730714,0.1831039,0.01155156,8.53022,0.1458834,0.8229424,0.03536566,0.01701931,0.03128315,0.07739725,0.2515174,0.007397086,0.01387554,0.390562,0.4654322,0.1635063,0.00304392
4,7A_Index04_treated8.count,treated8.count,0.0358351079948112,1.92840277232521,4.86569146177304,6.79289119914827,1.80581422650433,0.472617270962508,0.258048594016233,0.000997925098316992,3.06940682218909,0.216292014498372,0,1.80380041343577,0.175149242174151,0.886099543267522,1.407077,0.07265731,0.2773072,0.1889699,12.9901,34.61805,0.03906323,0.06429259,0.07018676,0.3466617,0.04560446,0.4026469,0.1569836,15.58488,0.6847707,0.1506171,5.014449,0.617059,0.2411032,0.7612637,0.03378751,0.8198106,0.2839468,0.04462384,0.4102001,0.1176507,0.01867978,0,2.994573,0.3568625,2.204417,0.06793193,0.3025024,0.1922557,0.003201687,0.1930106,1.331756,0.5490168,0.2593947,0.01818578,3.665454,36.34404,0.03038018,0.04458087,0.2027032,0.04434875,0.0238598,1.032315,0.002336742,0.0447355,3.143833,14.51462,0.02079049,0.3999672,0.02647339,0.09282326,3.941944,0.007944961,0.01955745,3.429134,0.0174964,0.006956782,0.004655823,0.005085863,10.56503,65.29521,0.3692633,0.3198811,0.369343,0.3260501,0.04444435,0.7888616,8.547512,29.12997,14.14657,0.2137816,0.01814788,11.71166,0.03115984,0.5182385,0.2807704,0.6248,3.264947,0.5364934,1.464698,3.307679,0.02253816,0.07244594,0.09267573,0.7025342,0.01487509,0.9527316,0.381535,0.08807252,0.003800372,0.8903118,0.01596999,0.2239218,0.01687689,9.870888,0.1142166,0.904631,0.02855414,0.01087228,0.03986286,0.09998454,0.2166128,0.005200447,0.01280351,0.4931613,0.4581044,0.2321135,0.006018742
5,7A_Index05_treated6.count,treated6.count,0.0220859325536716,1.51113593736084,4.98899148910364,5.14507665168637,1.54354496031338,0.511250657552976,0.340900473431263,0.00418228748310199,2.95954180770132,0.261483529037013,0.000995888746238641,1.30925907848814,0.0579511231371202,0.331874035019399,0.9003001,0.05190436,0.2742768,0.1349152,12.02792,39.13875,0.05080759,0.06315215,0.09774023,0.2654251,0.02205318,0.2948018,0.1557648,6.604987,0.7929883,0.1179611,2.775628,0.4594772,0.1489557,0.7879429,0.00758587,0.5281761,0.3371069,0.06163086,0.1352134,0.04519828,0.02661746,0,2.787521,0.2627414,1.982991,0.01016791,0.4029914,0.1365433,0.006709108,0.101113,1.155517,0.4675461,0.2102447,0.03131877,3.771884,42.15531,0.02530133,0.01888253,0.1537935,0.008297538,0.03055435,0.943575,0.002448312,0.05155857,2.600658,16.07196,0.02722893,0.3684873,0.01961912,0.1139011,2.763733,0,0.03310122,3.396314,0.01432652,0.002082554,0.003963472,0.005328692,12.69682,51.48545,0.1182176,0.3070011,0.4204201,0.2224487,0.0440356,0.726992,4.627877,24.92471,15.16695,0.0829588,0.0336408,9.712829,0.01993417,0.5718131,0.2690634,0.4929941,2.252488,0.6623108,0.3186665,2.610172,0.0303612,0.5313345,0.1456509,0.3114173,0.03506696,1.166934,0.461004,0.1499511,0.003981824,1.162438,0.08366243,0.1304153,0.02078492,7.329402,0.1239439,0.9028536,0.1196699,0.01645422,0.03888572,0.04489645,0.1377942,0.002724373,0.003353707,0.7750616,0.4199799,0.1337578,0.005465297
6,7A_Index06_treated6.count,treated6.count,0.0251854773807113,1.21806602308984,4.5092767792961,4.51143910089671,1.17781813588534,0.359979174771613,0.525025822452202,0.00149038458288615,4.48349675235156,0.513532544828856,0.00094637666725739,3.03838144708486,0.0917833291879046,0.239524881654886,1.286031,0.0460356,0.4064228,0.08658181,8.925458,38.80813,0.07778705,0.06744256,0.07607391,0.3628559,0.03842075,0.4153879,0.2090923,3.765966,0.9073522,0.1099928,2.505752,0.4095855,0.03642226,0.9945308,0.03364073,0.3777053,0.3552273,0.04644952,0.07342346,0.01561861,0.02529413,0.0541913,2.316306,0.237121,1.350671,0,0.4394288,0.1053455,0.007969444,0.03431645,1.995862,0.6186805,0.2923787,0.04433038,2.707069,24.59822,0.01628749,0.01888817,0.2540181,0.004731008,0.08974545,1.414879,0.001861272,0.06235761,2.327145,12.06963,0.02587521,0.5344057,0.01800084,0.05858637,3.879924,0.01582089,0.0269619,1.778092,0.008637,0.002968525,0.0008691744,0.01139348,18.33406,43.55685,0.1429785,0.2280399,0.1815992,0.4001298,0.04040333,0.5573154,2.750922,63.91949,11.14492,0.03153375,0.02467119,14.45444,0.03184554,1.515997,0.325006,0.8678478,1.670392,0.3669465,1.928508,1.834248,0.0705265,0.2524592,0,1.156836,0.04813402,0.3072905,0.5269268,0.1753798,0,1.336485,0.03710141,0.06494695,0.01149718,4.981146,0.07310595,0.7462011,0.0771674,0.02525843,0.04379551,0.07110726,0.02310769,0.02071142,0.006373945,0.2266241,0.3848464,0.1848841,0.003995063
7,7A_Index07_treated4.count,treated4.count,0.00919453633826455,1.40287463297703,4.12791491304574,4.26234793563249,1.29852276658312,0.359289823405647,0.293626297448805,0,3.7964425585662,0.217715036822277,0.00103648954418247,0.9678353309441,0.0779051934095564,0.345404010821933,1.260263,0.04321633,0.3217457,0.07659025,10.93161,35.38053,0.05728552,0.05007753,0.07362949,0.26413,0,0.3729455,0.07822338,2.635134,0.7691731,0.0915016,1.310271,0.2412206,0.08340708,0.9118833,0.0473708,0.3997884,0.3428078,0.01327106,0.05025922,0.01282935,0.02770261,0.02967567,2.751027,0.2362374,1.509104,0,0.3872071,0.1153764,0,0.03758402,1.524083,0.4534424,0.2668488,0.04877941,3.354653,41.40959,0.01359114,0.02689268,0.4115916,0,0.07082727,1.241095,0.00101925,0.07317346,2.096423,14.01429,0,0.4361485,0.01267384,0.07972489,3.229102,0.01155156,0.03937224,1.931035,0.01779651,0.01083728,0.002538496,0.008318901,19.64959,61.86806,0.111852,0.1981285,0.1690572,0.3720818,0.03476824,0.7281932,2.146286,77.70761,13.41368,0.06907272,0.02473694,12.12739,0.02659194,1.050221,0.2999462,0.6729085,1.621304,0.6918557,0.951335,1.689305,0.08777494,0.3554976,0.2021185,0.383043,0.03649658,0.468244,0.4361804,0.1200495,0.004144156,1.344254,0.05804881,0.1098451,0.0129148,5.755475,0.1289969,0.8640566,0.09785969,0.01053848,0.01798713,0.07787801,0.1771558,0.009215186,0,0.1654686,0.6244311,0.0379666,0.001750187
8,7A_Index08_treated2.count,treated2.count,0.0448389130267525,2.04467315197985,3.3484756947383,5.73557647689074,1.41746701027541,0.46824464940439,0.163289662813475,0.00111722237346738,3.39745142087807,0.279402360659034,0.0005320672924937,2.01025407375573,0.110944251549406,0.341150105639595,1.711786,0.07764573,0.2061441,0.09173856,15.00843,35.54811,0.07087772,0.07583446,0.06465218,0.3408344,0.01178221,0.4915147,0.1431608,3.058298,0.6830516,0.08853538,1.218111,0.35193,0.07911624,0.5552663,0.06214378,0.5273161,0.2105514,0.01362502,0.08668754,0.1229343,0.04182571,0.02031145,2.44585,0.2691178,1.520776,0.05432348,0.5652135,0.127121,0.0215066,0.1389112,1.774399,0.2841358,0.3013628,0.04703817,2.147648,27.67706,0.01220943,0.04035301,0.1291185,0.00177323,0.03710018,1.305629,0.001569653,0.06510844,2.657253,10.4508,0.02327589,0.4838098,0.01662628,0.05088944,3.435605,0,0.01347412,2.444572,0.01168697,0.0066758,0.002606203,0.0156581,16.06362,64.54219,0.1607694,0.1905206,0.3930766,0.6112094,0.03785894,0.7434446,2.058699,37.80512,16.1728,0.09307596,0.02422456,11.69205,0.02512501,1.381164,0.2287236,0.5267778,1.799511,0.2350286,0.7168505,1.804674,0.03965107,0.4055326,0.3631414,1.179778,0.04163334,0.3455268,0.5959372,0.1355766,0.002127344,0.9507408,0.02979854,0.1067889,0.007292593,6.410291,0.1598383,0.8538362,0.1507047,0.0148769,0.04001156,0.0479731,0.07794896,0.006549903,0.01075059,0.08494099,0.6731401,0.05197232,0.002695302
9,7A_Index09_control8.count,control8.count,0.0085520520352877,7.57482808678905,1.99552645008191,1.74489713030329,0.135789754838885,0.208648853479849,0.0303454051687518,0,10.6719487015397,0,0,8.32428247759152,0.0654490351790955,0.336179488634211,0.41475,0.00446628,0.08100356,0.063323,43.25074,8.765871,0.06375695,0.04036784,0.4397426,0.05709842,0.01897637,1.318656,0.08013857,0.7933186,0.4316925,0.03347164,0.3454621,0.225677,0.01124331,0.2339762,0.03263754,0.0964062,0.02119456,0.005486098,0.001246594,0.042428,0.01313604,0.02453514,9.695763,0.02558499,2.949089,0,1.462174,0.066308,0.008659606,0,0.7504171,0.1524638,0.03309364,0.008480535,13.89043,72.7261,0.006320716,0.1128815,0.08034723,0.004283932,0.01254821,0.592884,0.005688169,0.02419923,5.182011,26.15223,0,0.2378076,0.0008732024,0.002586188,1.193763,0.01790729,0.01220701,0.3348663,0.02047992,0.02822402,0.002361114,0.03954775,48.32184,239.2108,0.1109719,0.7111802,1.960926,0.2461027,0.01502608,1.464827,1.387108,0.6177578,3.062598,0.01070769,0.2989912,4.90819,0.002230421,0.2170744,0.08643578,0.4172586,1.331399,0.8517058,0.9416846,1.245685,0.02612529,0,1.629291,0.5115775,0.03520359,0.07258744,0.2787898,0.01488812,0,0.01852329,0.01439801,0.1839485,0.0008008237,12.76524,0.03309875,0.6116891,0.4302838,0,0.007435664,0.01931631,0.0627721,0,0.02597226,1.436458,0.3484787,0.2040342,0
10,7A_Index10_treated8.count,treated8.count,0.0321393990678676,2.64893697852891,8.05100866800835,4.13700099538898,1.53093120882117,0.279874729457444,0.384887791102666,0.00190189227505611,3.08740443171798,0.221964306475801,0,4.20593331234578,0.0834519021604804,0.336225682999939,0.8064548,0.03147129,0.209288,0.09242727,8.429561,35.72603,0.06417977,0.04594943,0.1134464,0.2668147,0.006685778,0.5085069,0.04359012,4.922588,0.6476277,0.07305763,2.975221,0.2662686,0.1632038,0.7320207,0.02759735,0.718137,0.3724861,0.03092589,0.1862214,0.02989656,0.01708838,0.05186548,3.214399,0.2481538,1.768777,0,0.3321764,0.05655993,0,0.144512,0.9980639,0.4447202,0.1678981,0.02270782,4.145416,43.07023,0.0103923,0.03796277,0.1864999,0.00301864,0.05305198,0.8355423,0.0008906944,0.0341036,2.823297,13.95958,0.004952935,0.3307577,0.02707299,0.06924882,2.819343,0.01009459,0.01433596,1.94489,0.00784599,0.00189408,0.006100384,0.002423219,11.87225,70.23123,0.0586466,0.1877705,0.4518935,0.3034751,0.04879693,0.5041081,4.73738,51.59958,7.20613,0.06036073,0.19555,7.069822,0.03311689,1.136273,0.3306342,0.4851297,1.742297,0.4401085,1.159307,2.114609,0.01840898,0.2761417,0.7948158,0.2059881,0.02834964,0.56263,0.4925836,0.1258895,0.007242926,0.9397649,0.01014545,0.1124985,0.02313606,7.152756,0.08551686,1.34655,0.09329112,0.03453482,0.03929612,0.02722217,0.1916715,0.02230032,0,0.6145434,0.2728365,0.243305,0.00076472
11,7A_Index11_control8.count,control8.count,0.00722594841757587,6.17085279320151,1.83849192284178,1.92529996889215,0.172100758984925,0.1919600007185,0.0192299752932161,0.000855210481460523,10.5353183237812,0.0285168924951892,0,2.15684102393191,0.0513503121241445,0.233654538508969,0.6760951,0.02264236,0.09315844,0.04872683,45.66141,11.3549,0.03463112,0.04722687,0.4339883,0.1142635,0.006012693,0.9936174,0.1086957,0.5702591,0.3926979,0.04707825,0.1945959,0.2993279,0.009974891,0.3518976,0.02068251,0.03054645,0.03476274,0,0.001579941,0.006721688,0.005122674,0,10.02581,0.01208049,2.662637,0,1.315952,0.08846227,0,0,0.9808045,0.1042562,0.01677723,0.01576415,4.306277,36.49313,0.00534061,0.1073,0.1617341,0.002714741,0.01135977,0.7292152,0.004806147,0.04600537,4.604169,29.11952,0.004454303,0.2206318,0,0.002773481,1.154801,0.009078322,0.00515708,0.2186363,0.01688424,0.02044074,0.005486233,0.04576453,42.99992,211.9639,0.1406464,0.5263382,1.516183,0.233934,0.01490412,1.301008,0.6652002,1.174425,4.30904,0,0.0717809,7.257448,0.003129726,0.6524307,0.0430372,0.1454299,1.136428,0.6316823,0.6173259,1.291736,0.02759279,0.06208535,0.7942205,0.3241882,0.01274778,0,0.2795076,0.01886929,0.003256875,0.2112887,0.08211658,0.1407622,0.002029938,15.97531,0.02796637,0.4074351,0.5942854,0.002070537,0.01413601,0,0,0.0005570905,0.01097247,0.3251028,0.2944427,0.1193512,0.0006877325
12,7A_Index12_treated6.count,treated6.count,0.0466895214249301,1.24330939434249,4.11755541550315,5.23379696385427,1.54985914903862,0.473484855954745,0.281637804140867,0.00221033230737461,3.66970614022989,0.196542052604094,0.00280706999603244,2.16524981367979,0.112299281401843,0.491401749644155,1.613761,0.08778039,0.248962,0.06667243,16.5822,35.76337,0.06762659,0.04746782,0.104951,0.2264116,0.02590015,0.3295129,0.06908095,5.003373,0.6120089,0.08067162,2.836036,0.4641763,0.1203094,0.7493975,0.04632761,0.6315901,0.2491183,0.05990218,0.1633373,0.144771,0.02537628,0.08036905,1.982206,0.2831944,1.736583,0.01432994,0.315381,0.1295598,0.01181918,0.06107209,1.111275,0.4382518,0.2312616,0.02716213,3.345625,35.31272,0.005751275,0.05602463,0.1754608,0.01403275,0.03131719,0.9822081,0.0006900953,0.01321145,2.571462,11.09133,0.01534981,0.3886413,0.02478948,0.09905141,3.567225,0.007821119,0.01555017,1.529029,0.00716447,0.004402506,0.003437438,0.007509881,18.05344,93.58116,0.2423383,0.2493968,0.1817929,0.3246999,0.04208711,0.9365541,3.847826,89.99704,13.96534,0.07599556,0.06235572,10.68613,0.04514143,1.002262,0.2999885,0.4897707,1.765258,0.4064311,0.9336678,2.102052,0.04278893,0.3209251,0.06842336,0.6383847,0.08236814,0.6935035,0.4089061,0.1463057,0.0056117,0.9910446,0.03930263,0.07989851,0.01180456,6.277386,0.1264907,0.8092773,0.09035053,0.01783801,0.01623786,0.08436517,0.2284675,0.01199856,0.009452954,0.224065,0.3805006,0.1370973,0.001777478
13,7A_Index13_treated4.count,treated4.count,0.113350043007831,1.5864605128901,4.82740029930175,9.83210946461211,1.57991664557579,0.296082913550993,0.329074416089926,0.00569133229272998,8.43878632252127,0.0542219437418514,0.00154882672067036,1.01284299841733,0.176498281572263,0.222135059845649,0.7067607,0.1183933,0.2512371,0.1907481,20.00516,27.72719,0.05267801,0.06921856,0.1404261,0.4381417,0.04573007,0.6758655,0.2439427,6.177594,1.560466,0.1023022,0.5704229,0.6829694,0.2248853,0.2349358,0.0117977,0.4107152,0.3274845,0.02974642,0.378516,0.08946419,0.03896096,0,2.66909,0.2176087,2.7334,0.1265068,0.6108554,0.2396877,0.005217072,0.1460207,3.797613,0.1478199,0.1276007,0.03746738,4.085768,40.33601,0.0368105,0.04173134,0.1537604,0.02322811,0.05615852,1.773629,0.001523066,0.04373725,2.252959,16.12358,0.0084694,0.4494737,0.00420856,0.06951418,1.161451,0.03883837,0.004902829,0.9414709,0.009822761,0.004858247,0.003793276,0.004143646,15.21241,68.20464,0.5014214,0.5817022,0.222902,0.2718232,0.1204393,0.6358862,4.336491,16.40432,12.2898,0.08386251,0.02615943,7.576547,0.03935242,0.9939186,0.1041483,0.3645037,2.553673,0.4333007,0.2869245,3.036017,0.04721837,0.1180489,0.07550643,0.04402933,0.03029825,0.9839492,0.5214276,0.2690851,0.006192614,0.6695731,0.04337118,0.09269992,0.008684365,5.218851,0.1395849,0.9737499,0.3057573,0.02362148,0.03359771,0.09309852,0.06302954,0.00105925,0.01043151,0.4327047,0.3032535,0.1323782,0.007845917
14,7A_Index14_treated4.count,treated4.count,0.00684007192196118,1.31598555497075,4.29707084833627,2.54901766446982,0.49636738136394,0.380005644876168,0.336756716149425,0.000809540957610027,3.24311818561219,0.188958333315028,0.00462644081294065,3.14898872370568,0.0373908679628475,0.182145793783747,1.216813,0.04286645,0.2303573,0.07054372,11.67982,27.95546,0.1180144,0.09406654,0.05621648,0.2091126,0.02276642,0.5548891,0.1265055,1.846706,0.8395188,0.08667982,0.6907656,0.365198,0.01888443,0.8870343,0.03132485,0.1693606,0.1705148,0.02303633,0.02093797,0.0318137,0.02667014,0.1177416,1.967725,0.1017146,1.138935,0,0.5765876,0.1297943,0.005194572,0.01118392,2.166332,0.5300268,0.3096854,0.04035808,3.479981,26.05885,0.008846973,0.03847349,0.3572269,0.00256977,0.04731381,1.29295,0.001516497,0.07258103,2.17915,13.52513,0.02108218,0.4065112,0.007333217,0.0377099,2.159535,0.01718705,0.03173095,1.120023,0.002385463,0.004837294,0.001416344,0.01031444,23.77805,59.73956,0.1331357,0.09964619,0.1849506,0.3198601,0.03918949,0.4895908,1.649155,52.99146,7.850323,0.00642314,0.07049573,14.98132,0.0323974,0.9598686,0.4073895,0.7133484,2.673052,0.2422074,3.246443,2.037926,0.1149249,0.2938495,0.07518079,2.016614,0.02413407,0.06531371,0.5191788,0.07144656,0.003082953,0.711131,0.05182095,0.02255454,0.007205759,4.00594,0.1058917,0.7606416,0.04632762,0.003919934,0.02676225,0.092697,0.07530924,0.01318353,0.02077304,0.2769677,0.7664773,0.1129777,0.003255033
15,7A_Index15_treated2.count,treated2.count,0.0336895521345831,2.00792890039492,3.4266259998508,5.20249725616481,1.69949743477714,0.386213473110724,0.24904429985034,0.00354422164076552,3.38141467520221,0.177272478003706,0.00168790426792751,3.97198545198445,0.11868220324432,0.249201823126652,0.9091076,0.06451226,0.2107647,0.201937,12.11092,31.38452,0.0669763,0.07339531,0.0520637,0.3512078,0.02491821,0.456578,0.1550778,3.498316,0.845723,0.1109525,1.192885,0.496198,0.07824811,0.641104,0.05999971,0.5741882,0.2390188,0.007203892,0.06547698,0.04874883,0.03582518,0.03221752,3.192807,0.2562526,1.434379,0.08616658,0.4291163,0.1145661,0.005685541,0.03672293,2.198642,0.3445352,0.3476468,0.03340782,1.68092,26.34327,0.01383307,0.02863469,0.2358355,0.008437961,0.05649351,1.196553,0.002489745,0.1112175,2.449418,10.52434,0.03691965,0.4898344,0.01834588,0.0726215,3.731018,0.02821725,0.01870078,1.945423,0.008093873,0.01058899,0.0005167369,0.009031452,16.40142,57.46748,0.3460829,0.170413,0.4858352,0.3500919,0.04460926,0.6582538,2.280897,45.33297,13.94256,0.02812092,0.04648114,10.39229,0.02343045,1.3845,0.1864649,0.8218644,1.498528,0.381081,2.473085,2.081839,0.07432874,0.3859475,0.1645731,0.9116762,0,0.5957241,0.6174248,0.09774924,0.003374341,0.8513139,0.066172,0.1120378,0.01997994,6.287842,0.1303877,0.9146152,0.1448752,0.02574258,0.02929171,0.07609375,0.04121358,0.004040282,0.01136821,0.202097,0.4321717,0.06182791,0.005700296
16,7A_Index16_treated2.count,treated2.count,0.0367033589304341,2.05765231884013,3.33788942507092,3.40661546220992,0.604024185013165,0.318269778825002,0.0868234737271202,0.00193064066999712,4.18792748711849,0.2253194478942,0.00551670345202009,0.859115399918528,0.057961755119401,0.178410980563556,1.536198,0.031947,0.2296193,0.1067657,10.5117,30.43141,0.08860385,0.07885056,0.0481271,0.2364544,0.02036051,0.577198,0.1106225,1.609202,0.6823192,0.08175332,0.9701227,0.3678995,0.03056062,0.5199369,0.03268359,0.3497192,0.1212826,0.01177251,0.03745058,0.03034847,0.008673341,0.03509964,2.025167,0.1593244,1.541531,0,0.5172267,0.09985194,0.009291239,0.0400081,1.959205,0.2789813,0.2177793,0.02669071,1.870256,28.43444,0.007535278,0.0385366,0.256933,0.01225707,0.02564472,1.065438,0.0009041578,0.06058342,2.674908,7.786683,0.005027802,0.4113584,0.002498384,0.01195309,2.865315,0.04098869,0.01455266,1.814603,0.003982294,0.00192271,0.001125926,0.01229924,18.50339,61.70804,0.1389105,0.1411,0.3087567,0.4694284,0.0271038,0.5441615,1.394428,34.87438,11.07874,0.00765914,0.03612267,12.67552,0.02005653,1.295411,0.1921051,0.8207713,1.982423,0.1759968,1.517492,2.187074,0.03737449,0.2102368,0.3585911,0.365928,0.04316725,0.1817246,0.4405021,0.2129874,0,0.6889784,0.07209163,0.06330598,0.003436943,4.470639,0.2288614,0.7728759,0.2209697,0.01168561,0.02393407,0.1105346,0.1047678,0.002515268,0,0,0.6093133,0.04490595,0.001552559
17,7A_Index18_control8.count,control8.count,0.0129606608564417,7.4145874917565,2.55605289101596,1.64497042779463,0.113345155701917,0.227155425460433,0.0172457076670317,0,10.0792329697041,0.0767230301722274,0,1.82262221911489,0.056678978153845,0.209544620040277,0.6604025,0.005076495,0.08013575,0.05912203,30.00558,12.49011,0.05797431,0.05735399,0.3359469,0.09222578,0.005392266,1.756081,0.1885675,0.2422498,0.3917473,0.07516164,0.3490325,0.3221296,0.003833837,0.3084948,0.007419344,0.05870246,0.03826109,0,0.004250738,0,0.003445564,0,13.20838,0.02109769,3.469728,0,1.590202,0.05950064,0,0,0.82629,0.1515319,0.04513816,0.02184887,12.31328,65.81486,0.004789532,0.1443422,0.1289292,0,0.006112558,0.8597883,0.003591849,0.03438188,3.400421,37.02653,0.003994681,0.206699,0.002977517,0.007688007,1.344867,0.004070782,0.01156235,0.4382876,0.02599004,0.01833154,0.002683707,0.05276863,37.3309,208.4283,0.1576671,0.7513102,1.948485,0.2097953,0.01707906,1.003559,1.207325,2.025462,3.772397,0.01217065,0.04559832,6.743829,0.004345985,0.4229703,0.1508767,0.189707,0.8029776,0.9286321,1.562457,1.126268,0.05444031,0.111358,1.566989,0.4984054,0.02858097,0.02062622,0.3357983,0.06768895,0.005841622,0.3158111,0.008182587,0.1420172,0.000910238,17.51401,0.05643142,0.4567418,0.6144754,0.001856886,0.01690316,0.02195544,0,0.0009992129,0.03936104,1.107915,0.1980452,0.2497502,0.001850304
18,7A_Index19_treated8.count,treated8.count,0.0601471842194492,2.51484755577979,4.40927537212005,7.65954196426554,1.61395054011769,0.405477416858213,0.252735834724817,0,2.33084618456693,0.074958397175602,0.00142743645189028,4.84238284101542,0.138438398041176,0.529876689964913,0.7867704,0.09423498,0.1266008,0.1481727,17.37826,32.28332,0.05461801,0.07758671,0.08138791,0.3971276,0.02107297,0.2549859,0.09367648,6.258819,0.7770724,0.1019902,1.392436,0.472081,0.1186125,0.5716195,0.01812175,0.8067556,0.2367469,0.0213228,0.1993426,0.194352,0.03478526,0,2.849104,0.2423355,1.399233,0.01457397,0.4050433,0.1802096,0,0.1656323,1.265615,0.3386174,0.1469999,0.01287059,3.80335,45.47743,0.00701906,0.02421595,0.1417093,0.007135863,0.0318505,1.07353,0.002105542,0.07390041,3.668275,15.07506,0.01170841,0.3279447,0.01163614,0.04793902,3.064113,0.02386293,0.02259283,3.053792,0.01479376,0.01343244,0.003495976,0.01718498,11.77491,56.55768,0.3696977,0.1863898,0.3697775,0.2505189,0.04643127,0.5105193,3.580302,21.29271,14.5927,0.09512582,0.05896265,9.073172,0.01689565,0.4614535,0.2022554,0.4981112,2.278094,0.528951,0.3004961,2.169288,0.02901173,0.1087968,0.2087657,0.649256,0.02233889,0.6851616,0.4435942,0.09919816,0.002853632,0.5142457,0.04796632,0.2026661,0.0173414,7.291698,0.05513349,0.9023898,0.104141,0.01088507,0.02477158,0.04290093,0.1742687,0.006833617,0,0.4842465,0.2794858,0.1742899,0.002410329
19,7A_Index20_control8.count,control8.count,0.0116018659719783,6.9513659934651,2.55098399814332,1.74403883369428,0.148954934116325,0.224441833646935,0.0617506749574039,0.00137311212457626,7.99491901037625,0.022893130807699,0,3.15828473607621,0.0380525681861411,0.143440451474425,0.8016925,0.009088551,0.128206,0.04832162,39.28503,11.79032,0.06116348,0.03396405,0.410748,0.1039605,0.01930776,1.06467,0.1387577,0.3975626,0.2975438,0.06977361,0.23433,0.1388388,0.01944742,0.3221776,0.009962251,0.07006412,0.05581449,0,0.007610182,0.01618835,0.004112442,0.0124818,10.36377,0.02705264,3.457201,0,1.103994,0.06036428,0.008810832,0.009484866,0.9353143,0.1681136,0.06060882,0.01208009,8.188831,91.7761,0.008574796,0.1657534,0.1298388,0,0.01823906,0.7755914,0.00321528,0.06155457,4.235217,26.72842,0.01787939,0.2024245,0.002665354,0.01821705,1.620275,0.01093201,0.01035016,0.3200648,0.03702209,0.01367472,0.003603521,0.02624243,42.42284,210.7706,0.1693647,0.6302889,2.083008,0.2295338,0.0312417,1.393012,1.169752,2.199911,5.394802,0.02178937,0.02905267,6.056862,0.004700842,0.5237661,0.08951569,0.1698181,1.009076,1.36406,1.03522,0.9793845,0.03987228,0.1993665,0.9563907,0.2230763,0.02046764,0.1477101,0.419137,0.06059245,0,0.3392418,0.0292989,0.1871608,0.003259235,15.87579,0.03928956,0.6041998,0.3311549,0.003324421,0.01513103,0.09826817,0.0532236,0.0008944555,0.01761721,1.04396,0.3348663,0.2075974,0
20,7A_Index21_treated8.count,treated8.count,0.036943092692571,1.0100496991379,5.4760759087379,5.17655355176021,1.40230142698745,0.645448148640759,0.385064720665168,0.0014574382149111,3.09458856645253,0.0971962102756776,0.00347046041773189,3.54304143267237,0.114436823594046,0.234229956451823,1.019017,0.08682031,0.1862993,0.1245594,9.710614,40.39259,0.06098515,0.1257553,0.09861295,0.2434079,0.040987,0.5349157,0.1867561,7.761836,1.105358,0.1159369,3.827536,0.4874389,0.110494,0.8271131,0.02819748,0.4759483,0.3500675,0.03554821,0.05788904,0.09736758,0.04364996,0.02649668,1.703262,0.2199602,1.989208,0,0.5203174,0.2091742,0.009351926,0.05033677,2.80605,0.4970222,0.1715492,0.04548741,2.691347,28.76161,0.01137674,0.03740302,0.2705209,0.02081891,0.05614157,1.495047,0.001365095,0.03920087,2.913539,8.737973,0.0417503,0.4985328,0.02168931,0.132128,2.974789,0.04254568,0.04394313,2.750642,0.008374494,0.01016016,0.001699921,0.01114161,15.70283,70.34352,0.2396877,0.3158112,0.1331886,0.3322227,0.03598248,0.688272,5.276755,46.44365,10.63629,0.07516438,0.05912522,14.17748,0.02236687,1.681191,0.3617164,0.844908,3.389198,0.3747326,0.8065629,3.179741,0.07993954,0.5290251,0.06767499,1.144417,0.0434492,0.6075278,0.741462,0.1768623,0.01942613,1.48031,0.07774554,0.091831,0.01556727,4.533107,0.1131923,0.9306157,0.02382996,0.01058574,0.06223352,0.2086061,0.2259687,0.006645703,0.009349565,0.3047197,0.5017853,0.08474862,0.001172025
21,7A_Index22_treated6.count,treated6.count,0.0288393064533547,2.40271509253933,4.50922770650844,5.51495567411671,1.17339803221716,0.395602628470691,0.255827617600378,0.00303396416872294,2.88259551886355,0.252917942159604,0.000722449325717182,1.23876358290144,0.0910857680154525,0.353509214790824,1.170711,0.1305306,0.3406081,0.1347325,10.32733,34.73151,0.1003341,0.08028109,0.07563079,0.3850956,0.01066538,0.254418,0.1754215,3.566981,0.9705048,0.09406114,1.495764,0.5427501,0.06571899,0.8100572,0.04402425,0.5534472,0.2340374,0.01541689,0.05324782,0.1013456,0.03748246,0.06894801,3.268691,0.3755628,1.360916,0.01475226,0.4517616,0.1078793,0.0073005,0.05239329,1.913738,0.4344281,0.2752767,0.04162618,3.926415,45.23628,0.00828908,0.03027976,0.1965699,0.009630877,0.0705253,1.211416,0.001420866,0.09520567,2.071757,17.46391,0.04345601,0.4490149,0.02257543,0.06104817,4.307701,0.04025808,0.01829537,2.121601,0.007599118,0.001510751,0.0030964,0.003865602,16.07292,58.42489,0.1871102,0.2139557,0.2772601,0.4149548,0.05581164,0.5833069,1.980613,89.65808,15.12003,0.05416285,0.03766721,11.134,0.03008579,0.8505377,0.3556744,0.5862846,2.015808,0.3652215,2.275208,1.973061,0.06852216,0.2202554,0.07043987,0.9447229,0.04522433,0.4079667,0.6267582,0.2008233,0,0.9577873,0.02427655,0.07575097,0.014853,6.459653,0.09301326,0.8782971,0.02480354,0.02020008,0.02716416,0.02171287,0.1293604,0.01729304,0.01946309,0.3460026,0.4352382,0.05292662,0.004269677
22,7A_Index23_treated4.count,treated4.count,0.0407683025164908,1.68447260688339,3.96193732031217,5.14811112050555,1.10969212623444,0.342176863615164,0.224737973482942,0.00344645610203639,3.09728618122197,0.183874674657055,0.00196961315182159,1.61942440135901,0.0636736085257197,0.254790286846896,1.746122,0.03649904,0.1884781,0.06468551,16.79291,28.36409,0.09304113,0.095954,0.07977674,0.4328477,0.01938468,0.4389573,0.1421829,1.270011,0.8179488,0.1309297,0.8887733,0.4181759,0.04364389,0.7967022,0.06334562,0.4220595,0.2394302,0.03642692,0.02164808,0.02708807,0.02890177,0.1002522,1.739771,0.2890278,1.282094,0,0.4864519,0.1176445,0.01105742,0.01904531,1.710395,0.4614378,0.2569234,0.01501588,4.882793,31.79915,0.01721791,0.02227585,0.1786361,0.006564163,0.05127282,1.318686,0.003228089,0.08651972,2.392085,8.487123,0.007180249,0.3794703,0.01605584,0.04206614,4.344735,0.02926815,0.02078278,1.389018,0.009140061,0.00137292,0.003617877,0.005269395,19.31664,53.95523,0.09918968,0.1891329,0.2015717,0.7332443,0.03270089,0.6162937,1.327597,40.65418,14.38832,0.0382833,0.1046206,16.92409,0.04451042,0.6842421,0.4083671,0.7778818,1.637607,0.3447904,5.871191,2.487136,0.04447903,0.2502009,0.3200669,2.650252,0.01541188,0.2224479,0.5653263,0.1216677,0.002625009,0.9460924,0.07353906,0.03959035,0.006135411,4.779724,0.1239734,0.8620203,0.07325702,0.03003898,0.05696742,0.07892773,0.1068713,0.01212326,0.01326555,0.4978564,0.4153064,0.1122285,0.002217223
23,7A_Index25_treated2.count,treated2.count,0.00856305856570614,3.66954596874003,3.38651435361131,3.30929404911034,0.635209227297517,0.26114673189592,0.151922299225909,0.00270256286208364,3.95100904323393,0.112645799294801,0,1.29384013133676,0.0374475819367287,0.184593761425029,1.242614,0.01788811,0.2177895,0.05208226,16.85226,26.22501,0.08755063,0.05052474,0.04451206,0.2557691,0.03325139,0.5517894,0.1520369,0.6757814,0.6727732,0.09277855,0.4227748,0.2364776,0.02927024,0.7371927,0.04248341,0.2551157,0.2009833,0.01098632,0.00748919,0.005310325,0.02731765,0.02456671,6.651283,0.07434219,1.370277,0.05256344,0.7476287,0.1100732,0.004335375,0.009334069,1.901938,0.2101738,0.1325449,0.05660966,3.272544,26.24045,0.01160289,0.01926592,0.2034928,0,0.02333381,1.342286,0.0006328322,0.07269112,1.783051,24.80428,0.007038053,0.4513266,0.01224057,0.02450081,2.174552,0.0107582,0.0203712,0.9550892,0.009357234,0.006728654,0.0003940255,0.01205176,17.38766,33.66695,0.08333602,0.1767244,0.7470988,0.5031063,0.06606903,0.4300507,0.8758786,19.74611,10.38841,0.02144294,0.01984814,9.97704,0.0217746,1.074349,0.1638211,0.6475831,1.346715,0.4769374,1.300547,1.303983,0.08283654,0.8828856,0.4392198,0.4756476,0.02517778,0.09085108,0.6124603,0.1192582,0.002573025,0.8531678,0.06487445,0.05849908,0.01282967,7.015427,0.06075914,0.7957722,0.1049476,0.01308627,0.03908748,0.1740705,0,0.008362231,0.004334281,0.4366289,0.4846212,0.1571514,0.004346627
24,7A_Index27_treated2.count,treated2.count,0.0343512095190331,1.52093393143838,6.25438155224602,2.47368192685911,0.814948523126958,0.391905380884762,0.217114843810519,0.00101638957040116,4.57994679517866,0.406696682148175,0.000968093120376404,0.933206588732021,0.0938894761739587,0.204184371571862,1.147881,0.08745653,0.3027737,0.09878805,6.15295,29.66845,0.1289616,0.05612759,0.05791224,0.2715969,0.1214801,0.7905484,0.2837752,2.354235,1.069759,0.1026792,1.445442,0.3715521,0.03725804,0.735407,0.03932877,0.3319173,0.3474163,0.0165271,0.03192103,0.04793103,0.03805081,0.09239138,2.272535,0.1246815,1.834791,0.01976825,0.6252254,0.09987778,0.009782782,0,2.359566,0.3888056,0.1595135,0.0630183,2.861494,24.39818,0.01269428,0.0425075,0.1993347,0.01290552,0.04860256,1.636514,0.0009519913,0.1458023,1.864202,9.206875,0,0.519745,0.01841391,0.06652313,2.324498,0.02157858,0.01838706,1.620191,0.008984942,0.004048859,0,0.02848981,15.74318,56.33187,0.2089421,0.3675022,0.1857664,0.4788172,0.06002757,0.523623,3.369328,25.62482,7.783339,0.01612868,0.01812821,8.402555,0.01163868,1.242496,0.2557415,0.7227799,1.8622,0.2090651,1.760812,1.279322,0.1377311,0.2213592,0.377562,0.605451,0.02272548,0.5193475,0.6831742,0.2466808,0.003870689,1.004439,0.01084365,0.0457437,0.01025318,4.230943,0.07478351,1.183657,0.04985567,0.03691148,0.03080033,0.08728675,0.126069,0.007945005,0,0.1545496,0.5249032,0.141845,0.007356128
25,7B_Index01_control8.count,control8.count,0.0154797461393264,5.33512513585473,1.80254039739052,1.99256137463963,0.164178638107638,0.214144242924354,0.0102988257942881,0.00091603484993747,11.2672201665113,0,0,10.0927807490082,0.0592334123702604,0.161941055816574,0.5962732,0.02425273,0.0651651,0.05219238,53.91819,11.46711,0.04698593,0.02740061,0.2772816,0.1468682,0.006440328,0.9039748,0.3130151,0.8519291,0.5056981,0.06206345,0.1389573,0.2351189,0.01068433,0.4616276,0.008861397,0.1495725,0.03046511,0.01117145,0.01523078,0.0143995,0.01097402,0.0166538,9.564243,0.01157761,2.70807,0,1.221353,0.06632773,0,0.01265515,0.9741569,0.1559545,0.04492616,0.01112896,3.133575,28.21254,0.01430111,0.1184142,0.1090751,0.002907819,0.01703478,0.6819569,0.00514797,0.04106448,6.40628,24.78187,0.004771102,0.2342136,0.001185413,0.002970737,1.11117,0.01944798,0.008285793,0.3030644,0.01835501,0.02919271,0.003205323,0.01867406,43.21432,230.09,0.1318183,0.5755177,1.57379,0.2784132,0.01862482,1.092603,0.7973333,1.74178,4.798663,0,0.08905974,5.887073,0.004325573,0.4630821,0.03562125,0.1840956,1.752106,0.7965143,0.9991942,1.498908,0.01773315,0.133002,1.105919,0.5456709,0,0.04927042,0.265494,0.06063393,0,0.2514623,0.009772987,0.1802215,0.003805044,12.03055,0.05242195,0.442474,0.4643087,0,0.00504713,0,0,0.001790136,0.03525855,0.2785798,0.3416661,0.1491463,0
26,7B_Index02_treated8.count,treated8.count,0.0100225303419207,2.39863160651925,3.88874895127118,5.4852041344852,1.27310445014047,0.36163166925487,0.160034088022428,0.00237238698751802,2.72509973788315,0.184582915756402,0.00301287562481933,1.16710626310763,0.0986176758518197,0.330437944064863,1.644931,0.03663962,0.2004113,0.1033654,8.260951,31.21577,0.1302256,0.1237309,0.06195511,0.514198,0.03335889,0.3998029,1.463143,1.359897,0.6446395,0.1219861,0.5248216,0.4551532,0.04611789,0.8335897,0.0688489,0.3228078,0.3214439,0.02893231,0.002921878,0.01864622,0.04973674,0.3594227,2.865593,0.2610388,1.074996,0.03076113,0.4798981,0.1983632,0.007611433,0.05462475,2.264576,0.44462,0.3723255,0.03246647,2.457782,24.82865,0.05802564,0.01503305,0.3212603,0,0.07562984,1.666901,0,0.1701609,1.841735,11.75313,0.06590085,0.4918189,0.01535017,0.04126645,5.042257,0.01678908,0.01192162,1.617348,0.005825566,0,0.0004611825,0.02619657,14.8948,31.77544,0.1300529,0.06286466,0.513097,0.6849944,0.06967331,0.3926407,1.113033,38.62143,14.62558,0.01882323,0.02240134,17.7184,0.05199854,1.206579,0.3871028,0.5990297,1.60809,0.1811461,6.634298,3.251537,0.1173666,0.3444543,0.2203198,2.526635,0.02946904,0.1063356,0.7412294,0.08724023,0.006023132,0.9551636,0.05062102,0.06338518,0.01220077,6.133404,0.1357647,0.7953546,0.02585993,0.01340208,0.0283211,0.06791292,0.08582633,0.02781703,0,0.5711703,0.6579741,0.0551808,0.001271864
27,7B_Index03_treated8.count,treated8.count,0.0429691840589365,1.31395912517957,4.45402753070458,3.70023736796413,1.05271523176961,0.568377917255988,0.285878164385031,0.00169517293617479,3.1246414060034,0.395677389376307,0.00242193343745846,1.28376215366055,0.0743813978689087,0.245193416132892,1.59482,0.1683038,0.2223408,0.1136293,9.149201,36.37109,0.144154,0.1101888,0.04678492,0.3925822,0.03575455,0.4779586,0.2189854,6.008706,1.150099,0.0881898,1.623248,0.5142097,0.03813159,0.7896094,0.02049813,0.3373404,0.3132076,0.1722782,0.05950252,0.2065147,0.05077007,0.2157314,2.060201,0.2457573,1.142904,0.06594046,0.4486239,0.2060331,0.02175479,0.03512857,2.709988,0.6466832,0.2826703,0.0337328,2.369148,30.40947,0.006616249,0.02578022,0.2255965,0.01076216,0.05178909,1.562824,0,0.08359129,2.029919,10.20017,0.02648756,0.464663,0.0120652,0.06222185,4.804863,0.06298174,0.01788887,1.504064,0.005744413,0.00168821,0.0004943022,0.01727869,16.90272,38.10295,0.1916648,0.1369321,0.1704055,0.3606533,0.03856938,0.5695554,3.939923,58.37683,12.47294,0.04035003,0.02638145,15.67301,0.05353151,1.191952,0.630109,0.8254915,3.976168,0.2892514,3.942857,2.240386,0.07110169,0.4307231,0.3935701,2.249087,0.00631707,0.09117763,0.5801653,0.2057118,0.006455682,1.140095,0.09042725,0.04250614,0.008550325,4.951788,0.1940194,0.7795639,0.01385853,0.01436455,0.03035498,0.1698435,0.02628284,0.03864869,0.01087465,0.5155274,0.3404541,0.1774308,0.002726406
28,7B_Index04_treated6.count,treated6.count,0.0420686663817351,1.43691699529339,3.87713090054523,5.25489159556093,1.89792724467504,0.712704858739637,0.249745262951086,0.00382995393307569,3.4419307951211,0.357586212316607,0.00218877809962514,1.35803616850623,0.148593412592846,0.350849361745719,1.472222,0.0709807,0.2877818,0.1129594,15.20388,37.45567,0.05376494,0.09781861,0.06819519,0.3274976,0.0538542,0.2941704,0.2713201,7.500209,1.17375,0.1102825,3.514943,0.4170453,0.1199744,0.7932769,0.05927939,0.5667366,0.2972084,0.1120992,0.1004731,0.09632718,0.04129427,0.0278519,2.272164,0.2574067,1.623495,0.01489812,0.3963655,0.1584669,0.007372686,0.06349361,2.331971,0.5385433,0.3080525,0.03273169,3.540116,36.14292,0.01793794,0.02329841,0.1234003,0.009726104,0.05494317,1.468736,0.0007174577,0.11675,2.02149,10.69793,0.01994804,0.4534546,0.02279865,0.1183353,4.195877,0.03252491,0.009238137,2.430559,0.01196281,0,0.00134015,0.01756721,15.98957,57.74323,0.1889603,0.2592854,0.2310013,0.4656198,0.03782287,0.6233895,4.723869,76.57316,16.78576,0.0972416,0.02464541,13.3139,0.03608013,1.203935,0.4625682,0.4973486,2.899387,0.4834215,1.437601,2.506781,0.03459984,0.3892581,0.1422727,1.244431,0.02283575,0.5150007,0.5857199,0.2197098,0.01166841,1.303695,0.04086099,0.08175319,0.01136353,5.808504,0.1127195,0.871776,0.02504879,0.01483623,0.02110212,0.04385513,0.1900211,0.01147636,0.01965553,0.08735595,0.4395417,0.1603498,0.005543865
29,7B_Index05_treated6.count,treated6.count,0.0324768351661333,3.03106211788171,7.33036325234763,4.79434612928094,1.97605674925081,0.339196812930653,0.226875123113221,0.00096093025557677,2.87959950557567,0.320421058765079,0.00183053820439782,2.46633955795938,0.124272953352209,0.37836437356643,0.8905603,0.08268446,0.1239005,0.2286633,8.411651,33.11449,0.07782432,0.0431153,0.1009495,0.3380899,0.04053584,0.2662656,0.2462671,11.07829,0.8130762,0.1162593,2.405167,0.8370887,0.2465754,0.9218562,0.0278871,0.9561283,0.3763969,0.01562529,0.5272494,0.06797351,0.03021864,0.01747001,3.75896,0.2771925,2.250864,0.07475837,0.314045,0.1416419,0,0.2389569,2.010406,0.3282058,0.1131072,0.02777702,3.345333,40.61576,0.05100686,0.05297519,0.1413435,0.006100666,0.05616179,1.376691,0.0009000459,0.0603079,2.269671,19.09806,0.03002962,0.3253766,0.02487021,0.1110548,2.354637,0.01530086,0.02028107,1.936408,0.02180301,0.009569831,0.008966447,0.002448661,8.021925,78.62641,0.1580329,0.3030942,0.421512,0.2482497,0.07349871,0.679799,8.008191,20.60615,8.51143,0.1753591,0.02822902,5.993141,0.01145737,0.459281,0.2351927,0.5942099,1.799284,0.5794957,0.5086684,1.975542,0.04340527,0.279041,0.7139206,0.6244523,0.03580911,1.421343,0.5096067,0.2332207,0.003659485,0.5803304,0.05125984,0.3187973,0.01995766,9.769897,0.07855883,1.481497,0.1728294,0.03257091,0.06088667,0.02750798,0.1787851,0.001251914,0.03082216,0.1461166,0.3859815,0.2235086,0.003090996
30,7B_Index06_treated4.count,treated4.count,0.110678324410972,2.54805836379129,6.79890377675964,3.64151647136754,1.35494263003542,0.312152865683374,0.0406264091753036,0,1.09200930212038,0.391602329911555,0.00258137393172016,1.16674583668123,0.104313246128329,0.304890793715988,0.857634,0.1315479,0.1787376,0.08780453,9.289421,25.37353,0.1219397,0.2608684,0.04825632,0.6035,0.03175695,0.3601097,0.9317243,9.764928,1.496144,0.1459116,0.5310235,0.5129289,0.01505254,0.6494659,0.02184756,0.45174,0.1368689,0.03672392,0.01001363,0.1065048,0.04734831,0.06569525,2.07119,0.2532048,0.8781199,0.03514072,0.5749659,0.2032437,0.002898369,0.03744115,2.850717,0.283867,0.1860841,0.01967981,3.427591,32.46983,0.04372122,0.01030402,0.2973962,0.0229413,0.03119913,1.888584,0.001692293,0.04859687,2.705931,7.475746,0.04705215,0.4224214,0.005845214,0.02024165,4.563844,0.06233309,0.00272379,1.181931,0.006921176,0.001799348,0.002634215,0.006906066,15.57931,33.8278,0.5199917,0.06486514,0.3715028,1.029632,0.0288634,0.2731726,3.17875,21.28073,15.71444,0.05017407,0.06982157,17.16662,0.01866304,1.2206,0.3430276,0.5167286,2.455451,0.278731,7.535378,2.160458,0.04663535,0.06558263,0.2516877,1.76117,0.0201988,0.121475,0.5069427,0.1793898,0.01032101,0.5455772,0.1252943,0.04569162,0.003216427,3.539137,0.08862518,0.7531755,0.01477086,0.01312303,0.02239844,0.07758198,0.05602617,0.0205965,0,0.5838071,0.3110287,0.168099,0.001452945
31,7B_Index07_treated4.count,treated4.count,0.0423739245192667,1.43318535477683,5.09240054870265,4.21649329584193,1.40774970783362,0.60551425574204,0.287043623716934,0.000911830588502901,2.96906547870503,0.212834182939721,0.0008685025362175,1.73115127672801,0.096865408331729,0.219815190295565,1.683247,0.1146717,0.2837888,0.08556938,8.246309,32.75459,0.09107897,0.08182457,0.07793196,0.4020339,0.01923231,0.6471654,0.1234915,5.888132,0.6915555,0.1285216,4.270615,0.4042506,0.1002756,1.262595,0.03087254,0.6327655,0.321785,0.1668027,0.02021451,0.06450034,0.05325281,0.2155057,2.072054,0.4603008,1.662701,0,0.3536033,0.1226147,0.0175528,0.02519413,2.478086,0.7369049,0.5366396,0.0294137,3.202004,30.22173,0.01708257,0.02600088,0.2810164,0.02605026,0.0411803,1.503681,0,0.07357681,2.087525,8.870687,0.01424761,0.4389728,0.04129903,0.09704672,4.230955,0.01935872,0.03848957,1.618067,0.008866698,0.005448511,0.0005317686,0.01161772,15.66425,51.43949,0.2249371,0.1847234,0.1583232,0.5127005,0.02471912,0.7080386,4.171009,55.44905,13.01725,0.03617368,0.04910882,19.55127,0.03207762,0.6453394,0.6674403,0.9585419,2.478408,0.3538025,2.369508,2.104142,0.05883919,0.1323915,0.08468027,1.975151,0.05436706,0.07356643,0.4835678,0.1609484,0.0034725,1.151417,0.07782506,0.07933997,0.01082166,4.019163,0.1789075,0.7964179,0.02236344,0.01986857,0.02511983,0.0783073,0.1696499,0.01663125,0,0.2773013,0.5232277,0.0848353,0.001466529
32,7B_Index08_treated2.count,treated2.count,0.0147135400382455,1.64035835533579,4.5886590566571,3.97329001463828,0.558502731846749,0.35275670713367,0.137046859832338,0.00174138714158134,3.30625866317215,0.319364917082106,0,0.961979471748598,0.0844522749275838,0.244881327657403,1.7855,0.04610457,0.2109818,0.049609,9.352714,30.22933,0.08696997,0.09716549,0.06821473,0.3955294,0.0244862,0.5417808,0.6512823,0.931989,0.8894593,0.1285171,0.8750252,0.2844305,0.03481879,0.6823203,0.02947974,0.3243231,0.09974137,0.01061849,0.006434178,0,0.03781178,0.1424653,1.780716,0.2246222,1.635415,0,0.6840646,0.1463537,0.008380453,0.01202875,1.815566,0.400784,0.1622693,0.03282862,2.609457,23.77393,0.04213906,0.02482786,0.2683384,0.008291669,0.05088789,1.57905,0.0008155266,0.07806379,2.257595,7.690112,0.02267473,0.5796159,0.01690107,0.01796896,3.595214,0.02772804,0.02362701,1.924788,0.01077577,0.005202703,0,0.008874871,21.61745,47.72197,0.2326882,0.1272685,0.2705335,0.7277394,0.03962086,0.6452163,1.693108,11.00645,11.19395,0.02072503,0.01522509,17.90617,0.01017589,1.296473,0.3087062,0.9152975,1.472548,0.2279408,5.726354,2.082277,0.1123694,0.2528375,0.3234397,1.886043,0.02595715,0.2107425,0.6389356,0.1728981,0.006631678,0.6692435,0.02786775,0.04851662,0.01136679,3.662109,0.09965441,0.9045195,0.07118172,0.008432092,0.02878387,0.04984966,0.06749841,0.005671763,0,0.2647909,0.4746413,0.06075598,0.003500918
33,7B_Index10_treated8.count,treated8.count,0.032673370249507,2.07029683282239,4.84731009177528,6.64229972705837,2.23914739477694,0.51474855338137,0.367872344845981,0.00594920227603262,1.88256066044707,0.138862813062835,0.00113330202569505,1.65266305687459,0.175859336338262,0.387227367302083,1.034297,0.08663035,0.214253,0.1874273,12.10953,31.36571,0.02890903,0.05817717,0.07732889,0.5405081,0.1212977,0.1966599,0.2132046,13.64426,0.8440866,0.1547509,4.106194,0.6848289,0.2924273,0.980554,0.03453029,0.7558712,0.3297602,0.1426879,0.496781,0.09351775,0.03830813,0.02163167,3.338718,0.3936467,2.091381,0.02314178,0.3948437,0.2430753,0.01336096,0.1561592,1.72433,0.5333088,0.3267865,0.02841243,3.613963,39.15702,0.04829697,0.04749968,0.216684,0.01133092,0.05689678,1.511518,0.003900583,0.07467429,2.296163,13.19562,0.0247888,0.3795908,0.0315646,0.1278633,3.293954,0.006315261,0.01973114,3.20289,0.01875756,0.01303448,0.001734752,0.009095922,8.298862,54.51282,0.1712192,0.328003,0.3751325,0.2350607,0.07315149,0.8783845,9.783669,3.91731,15.51112,0.1463285,0.01768489,9.436769,0.01355463,0.3773037,0.3660659,0.4506536,1.880543,0.7036357,0.4198947,2.745679,0.01151682,0.1727567,0.3867451,0.5476887,0.03990551,1.455943,0.5759744,0.2231465,0.002265619,1.224844,0.01904124,0.3401703,0.01482715,7.718915,0.09240926,1.125843,0.0972729,0.02448599,0.024584,0.1873347,0.1660311,0,0.007632907,0.5427723,0.4267223,0.1107009,0.003348909
34,7B_Index11_treated6.count,treated6.count,0.027440904644627,1.35968236950554,4.49580312227098,4.14972714893144,1.27989095370892,0.403979405898084,0.259650858437986,0.00216513670978355,2.63319862563411,0.240654092876414,0.00549934530211954,1.08887503290913,0.0966693474947828,0.295771643180367,1.121354,0.04776972,0.2567067,0.1233617,10.46594,37.49231,0.0292252,0.07721861,0.06425313,0.234639,0.0405929,0.3122499,0.111277,4.407161,1.0426,0.0790221,1.929579,0.4378449,0.07095013,0.9276029,0.03141715,0.452959,0.2773612,0.07041281,0.04799924,0.02836217,0.03134193,0.01312095,2.252108,0.1808222,1.679975,0.01403693,0.4439566,0.151173,0.01157751,0.02991166,1.595206,0.5840174,0.2406913,0.02690908,4.507992,41.25664,0.01126735,0.03429942,0.2072587,0.006872911,0.06135366,1.293245,0.002027954,0.08411854,2.223663,11.71863,0.02631291,0.4056309,0.0224147,0.08106783,2.813237,0.02681419,0.02611236,3.125769,0.01637528,0.004312486,0.0008417878,0.007356323,14.48863,52.34101,0.1928737,0.2702076,0.1450987,0.252255,0.04472031,0.6789598,3.408272,47.54726,12.85727,0.09162049,0.02221117,9.539979,0.01908463,1.519088,0.2971562,0.5913273,2.04884,0.6612851,0.7061921,1.756266,0.06054245,0.5763322,0.4691699,1.289746,0.04303143,0.3687754,0.6097186,0.07961897,0,1.426453,0.0230994,0.1030125,0.01541758,6.018974,0.1062037,0.826158,0.05310186,0.01572594,0.03777637,0.04132006,0.1230878,0.005171416,0.004629833,0.1646126,0.4969605,0.06714699,0.004062643
35,7B_Index12_treated6.count,treated6.count,0.0705752672518386,2.90223308713806,5.00689186101307,7.61064010202094,2.59225450960168,0.462879919099742,0.0939088246370483,0.00417638659991281,1.55416906052208,0.696305589500424,0.00238676069874191,1.46616458634244,0.15046033235493,0.422857003536462,1.831791,0.04422923,0.2599632,0.1035806,15.60129,30.31572,0.07892252,0.1825825,0.03272002,0.7626018,0.07634315,0.1664803,0.1026815,9.996101,0.9567076,0.1940295,0.9819779,0.4547685,0.1308265,1.284031,0.04848107,0.8950343,0.2592736,0.04753736,0.05709528,0.01969506,0.06754422,0.1062992,3.267432,0.562622,0.9156961,0,0.3639732,0.1512007,0.002679857,0.3231052,2.397763,0.3704368,0.4096548,0.02554455,4.020476,39.23653,0.0117363,0.0222301,0.4153879,0.01325733,0.05103698,2.136656,0.004694126,0.09735502,1.93982,15.50325,0.02175241,0.5829757,0.02161814,0.06082571,5.469588,0.04433363,0.0251844,1.720884,0.0147678,0.006654771,0.003409866,0.006385408,12.40256,43.84872,0.3262496,0.1328015,0.5724912,1.00278,0.06388789,0.6049394,3.109258,68.02898,21.34364,0.05301872,0.04878337,17.77563,0.04338654,0.7293526,0.3840387,0.7618522,2.371235,0.4060997,3.148673,3.224162,0.1455282,0.3031913,0.5429962,1.356995,0.03735198,0.6289744,0.5459858,0.3685897,0.006361929,1.169396,0.04455701,0.1593208,0.007930496,6.815569,0.08194361,0.9395774,0.06145771,0.02426733,0.03221523,0.07173297,0.1424563,0.01414675,0.02143344,0.3492779,0.5032648,0.1165694,0.001343406
36,7B_Index13_treated4.count,treated4.count,0.0135522942646681,1.04035936513464,3.0680172978486,4.13546507034503,0.375731019057134,0.301014015201349,0.207378885883259,0,5.23286932741406,0.133708856012828,0.000763867300548611,2.58472401236065,0.0814911387406037,0.186887938024761,1.030883,0.07431521,0.2816898,0.06182086,16.84429,29.78476,0.06711582,0.04982298,0.06997087,0.2393035,0.02819207,0.6237768,0.09023276,1.505776,0.678579,0.05530594,0.8363788,0.305646,0.0293982,0.817566,0.01551605,0.1923307,0.1140959,0.01630074,0.007407962,0.01890983,0.008406646,0.04374048,1.750822,0.07631832,1.954728,0.015598,0.5892419,0.07880788,0.01029205,0,0.9922166,0.454277,0.1573288,0.03662117,3.625496,35.24633,0.0150245,0.03049114,0.2134565,0,0.05965481,0.9198634,0.0007511623,0.1222346,2.672025,8.074128,0.01670813,0.4359635,0.003113436,0.02269822,2.114266,0.01276982,0.0314344,1.519609,0.007562141,0.006389449,0.001870809,0.002043609,24.10318,64.19198,0.1648643,0.2796923,0.1685643,0.3046835,0.03494091,0.4760335,1.203029,26.40342,9.155963,0.02545245,0.1377105,11.77231,0.01088756,0.9803833,0.2825075,0.991834,1.905319,0.3824105,1.440814,2.119824,0.07762557,0.6986479,0.2979127,0.8251649,0.04781704,0.2372455,0.4698177,0.05308413,0.003054141,0.7265002,0.05133666,0.05671876,0.002855367,3.873119,0.1442404,0.8225184,0.1442404,0.00194165,0.03534952,0.06887302,0.06217119,0.005224127,0.005144726,0.3353524,0.5292189,0.1492291,0.009673838
37,7B_Index14_treated4.count,treated4.count,0.0207612072445757,1.45110652435877,4.3493105852718,5.40352179589139,1.47899708039321,0.402122633817126,0.197323332572339,0.00280816555910385,5.19616798467643,0.187275897790441,0.00200604608543951,4.14281981643818,0.0875494056101516,0.287710149428056,1.368053,0.02323386,0.1701149,0.07529374,13.32373,36.35982,0.06443827,0.06703718,0.07250215,0.3032828,0.01974325,0.6074786,0.09946748,2.094244,0.619376,0.1316529,1.344508,0.3330843,0.05030003,0.8909602,0.02376955,0.5122576,0.2451562,0.01426951,0.02464246,0.04966044,0.03574418,0.02552666,2.028344,0.2213025,1.780417,0,0.5777479,0.1107433,0.01126195,0.04849399,1.541968,0.4257057,0.3374241,0.04323394,2.309451,24.56306,0.008768202,0.0306954,0.2606174,0.002228528,0.03543584,1.31877,0.003287801,0.1007087,2.339064,10.94107,0.02925226,0.4042778,0.01544434,0.06892337,2.557214,0.02980954,0.0105836,1.393596,0.005171738,0.002796631,0.001637688,0.0161006,16.15052,49.70433,0.07216031,0.2736446,0.192469,0.4267471,0.02922752,0.5739661,2.080237,32.65526,11.8471,0.04456165,0.08495001,15.80157,0.01690692,0.942104,0.2649689,0.7271526,1.484147,0.2822473,3.006789,1.590577,0.06795267,0.254829,0.2607899,0.9124312,0.03139393,0.2265626,0.5714542,0.2013671,0,1.271942,0.05991948,0.06590049,0.01624714,5.126219,0.1262666,0.6875074,0.1147878,0.008498508,0.04641694,0.06029077,0.1415026,0.01463408,0.004503643,0.2935642,0.5438424,0.08164605,0.001129118
38,7B_Index15_treated2.count,treated2.count,0.153405176121553,1.42131981505021,5.417196169865,5.18725688492578,0.345012581314323,0.786674003290408,0.088749527824689,0.00552571365112315,4.61368005923549,0.526440768723877,0.0172931896969881,0.795222147121631,0.175008157827788,0.247387203746619,1.405347,0.538166,0.08247861,0.3386464,17.39162,14.14419,0.2557254,0.2660927,0.04216691,0.3691415,0.01664975,0.5372379,4.00661,8.989812,3.042331,0.1380048,1.257329,1.099018,0.02893677,0.3156892,0.0267269,0.09264199,0.08167641,0.08343342,0.07875024,0.2295606,0.04491979,0.07175656,1.761781,0.1214838,1.00385,0.09211908,0.8767667,0.3633586,0.002532627,0.07633849,2.661078,0.2837183,0.1316305,0.04464459,3.480969,28.88326,0.1183094,0.01800754,0.08846573,0.03758694,0.04403886,1.602432,0.004436233,0.08492898,2.463426,6.999481,0.08634086,0.7564162,0.002043045,0.006749131,2.764257,0.184351,0.009520312,1.068398,0.002558685,0,0.002301807,0.01609226,17.58833,40.44425,0.9736599,0.1194326,0.1587047,0.6477866,0.04279954,0.5525493,8.581407,0.9728503,11.00095,0.08768533,0.05024425,13.99728,0.01509653,1.647022,0.1859841,0.7444031,8.534723,0.04428332,6.052673,6.392135,0.10697,0.2865342,0.07330919,6.241218,0.08824971,0.1486047,0.6230818,0.4180075,0.02104343,0.08667845,0.1010618,0.05582852,0.002342125,2.995806,0.1032556,1.039433,0.04517431,0.007644698,0.03262001,0.271168,0.04895629,0.004113704,0,0.3600968,0.3623739,0.05508255,0.0006348
39,7B_Index16_treated2.count,treated2.count,0.0843226928482501,3.06899024161826,5.25454787548999,4.11853776253417,0.425676014660497,0.43403000708932,0.0585398696267621,0.00347124107544059,2.77080648070246,0.318307340096524,0.0057860177128809,0.977134248247651,0.180369881148407,0.662476808394783,1.883536,0.04020791,0.1929203,0.09598092,15.36692,13.87138,0.1499364,0.1906923,0.03863002,0.2937323,0.03050639,0.4303019,0.3037691,13.79649,1.173064,0.196862,0.8721276,0.4184833,0.05060925,0.7522796,0.037777,0.123986,0.0721532,0.03880555,0.05611263,0.05456575,0.03508749,0.1419935,4.41592,0.2671056,0.8023147,0.3882045,0.6756339,0.1660663,0.01113693,0.07193351,2.340356,0.3629768,0.1276831,0.03926389,2.50449,18.15042,0.03116093,0.02804506,0.2978418,0.03030211,0.05763565,1.573821,0.001625652,0.07002476,2.690982,15.99381,0.04971921,0.5816944,0.005615035,0.009978124,3.756743,0.07369658,0.02354877,0.7830262,0.009717224,0.001728491,0.00151829,0.01547959,18.05721,35.9406,0.8384715,0.07566313,0.5868585,1.055025,0.04201028,0.5394094,6.589291,2.01677,9.265588,0.0619692,0.03004586,16.23711,0.01352292,1.252298,0.311654,0.5902901,2.690731,0.1947308,10.85796,2.221022,0.07839807,0.3150003,0.3223687,2.631716,0.08408138,0.2567212,0.9686082,0.1914729,0.01321943,0.5240929,0.1296188,0.05133171,0.009784261,5.611026,0.070946,1.274767,0.0496622,0.02101042,0.03107926,0.09936916,0.05381991,0.005652981,0,0.3298925,0.4481711,0,0.004885054
40,7B_Index18_treated8.count,treated8.count,0.0519855140496293,1.95065806909746,5.1110311825452,6.38276050130094,1.68503316215461,0.541518121520654,0.435789503741276,0.00123052515545831,2.56410921401452,0.123095147913421,0.00175808022653032,2.11732323083473,0.125037389395077,0.286754857536452,0.9382714,0.06515821,0.1969591,0.144346,12.78315,36.80913,0.05149018,0.0714919,0.1128387,0.2959358,0.03893131,0.3260133,0.1333225,6.477797,0.9396103,0.114635,4.141601,0.583824,0.1394237,1.06244,0.02380733,0.6498611,0.3330784,0.1325601,0.1375351,0.03868618,0.02211238,0.05592832,2.941065,0.3334616,1.868362,0.01196654,0.3620827,0.2482048,0.005921922,0.07649943,1.774737,0.6071515,0.2112253,0.02500213,4.414266,36.70411,0.02209257,0.05029348,0.1853078,0.01367143,0.05230424,1.25429,0.001728839,0.07171139,2.622292,17.97269,0.03204551,0.3344642,0.02866294,0.095594,3.041976,0.02285921,0.02968119,1.89677,0.009427525,0.006127353,0.002511696,0.01724606,12.33625,69.68135,0.101185,0.2934635,0.3092431,0.2150484,0.03157164,0.5546986,4.84261,29.11705,11.19461,0.1122786,0.02022614,12.09596,0.01735921,0.5937903,0.3645092,0.6087353,3.357025,0.5378618,0.6217704,3.459104,0.03176165,0.3573276,0.2856923,0.5997347,0.01375667,0.6122186,0.4439061,0.1221759,0.007029264,0.9289322,0.03282055,0.1192012,0.01715963,7.898588,0.1156888,0.9322855,0.03520965,0.01787523,0.04915424,0.07045103,0.1621689,0.005611013,0.003946951,0.3508322,0.4942709,0.1431077,0.003958194
41,7B_Index19_control8.count,control8.count,0.00350739832477488,7.36024373146648,2.36080523507737,1.51543796584239,0.237555140591509,0.24047742792427,0.00933402499315312,0.00166044020060184,7.70277927824927,0,0,4.79004109482833,0.0345113917619309,0.226826843919635,0.7233932,0,0.06828858,0.02782527,35.07644,9.501027,0.06947958,0.0515777,0.2099142,0.1478994,0.01751098,1.703154,0.1176282,0.4953222,0.4240568,0.07483167,0.2833643,0.1226898,0.001383344,0.5009069,0.01204688,0.1863956,0.04141668,0.006749935,0,0,0.02486491,0.03018732,10.80416,0.05123057,2.712253,0,1.327143,0.04937944,0.002663632,0,1.194508,0.2224869,0.07329141,0.01982498,4.0464,60.56658,0.006480687,0.1594033,0.104672,0.002635413,0.008822256,0.9450732,0.0007776175,0.01488701,4.11907,26.02908,0.008648285,0.2466949,0.005371813,0.01297265,2.790376,0.03084565,0.007509575,0.2746731,0.02103902,0.04795497,0.002420872,0.08039214,40.37522,198.3155,0.08533534,0.5450217,2.321622,0.5298957,0.02009528,0.8740209,0.8302656,1.607843,5.311903,0.02634886,0.05661773,8.439899,0.003822342,0.9233405,0.1766137,0.2181877,0.8859188,0.7839949,5.819741,0.7314941,0.05357298,0.1205423,1.002316,0.314715,0.03712583,0,0.2918185,0.07327161,0,0.1367431,0,0.1249057,0.000492655,13.11773,0.04072374,0.4504639,0.06108561,0.002010033,0.01372294,0.07129866,0,0.002704058,0.02662959,0.3156029,0.1905591,0.1158636,0
42,7B_Index20_control8.count,control8.count,0.0139467342004102,7.49713888357137,2.13282842679525,2.01869359113559,0.12456376325356,0.235521269013129,0.0148462368451234,0.000660253441130218,9.31410181787176,0.0220160730117972,0.000628879745205106,1.53957468314892,0.0670903526448354,0.254667895787317,0.6878252,0.02622108,0.05430821,0.04647037,42.3445,11.38591,0.05525538,0.04329727,0.4244026,0.05292934,0.004642017,0.7285927,0.123812,0.5097755,0.303177,0.05551769,0.1001567,0.1848736,0.006600837,0.2732039,0.01277412,0.09433186,0.01707879,0.005368056,0,0.01037877,0.01087595,0.02400722,9.814008,0.01276268,3.262021,0,1.207116,0.06658867,0,0.009121492,0.720503,0.1699995,0.03885789,0.01023428,8.14161,65.39404,0.009277074,0.1681892,0.1109907,0.002095878,0.02455642,0.6172781,0.0123684,0.02367854,4.852706,25.95148,0.0206333,0.2235657,0.001708828,0.003503827,1.594918,0.02102638,0.001990726,0.238299,0.03112895,0.02235641,0.002310311,0.07066375,45.11144,241.4767,0.1493032,0.6230733,1.785991,0.2608747,0.01789903,1.217635,1.442855,0.6742117,5.438947,0.005238648,0.02609238,6.249143,0.003585421,0.4976314,0.05437027,0.2857964,1.302751,1.101914,0.974378,1.523602,0.05964737,0.1917285,0.9197504,0.42906,0.0196835,0.0532692,0.43158,0.05827109,0,0.1087484,0,0.1703684,0.00313437,13.41624,0.04857987,0.6815351,0.4264233,0.00159853,0.01637027,0.01890068,0,0.001720376,0.02964899,0.5270814,0.1704903,0.1689296,0
43,7B_Index21_treated6.count,treated6.count,0.134654625469377,3.04432395707384,4.77766338694245,7.53184042611406,2.09065905615623,0.483258720458076,0.200008259993338,0.00518870541094458,1.87177701220476,0.148300087790336,0.00211806441079448,1.56219869473975,0.188300027851286,0.571813621233325,0.8797573,0.3385312,0.1763185,0.1739023,15.37327,30.6187,0.03601934,0.0733389,0.08183006,0.2706999,0.03126859,0.270253,0.1111995,9.326007,1.044045,0.12062,2.797006,0.4958166,0.3100072,0.7333782,0.03585264,1.013644,0.2698022,0.02711938,0.3464569,0.3728604,0.02886012,0.01347604,3.404915,0.4507878,1.706479,0.04325041,0.2900837,0.205102,0.004756329,0.2252884,1.89083,0.3630094,0.2253928,0.03012156,4.62251,53.66786,0.03240237,0.04931871,0.1090298,0.02823564,0.04332216,1.552826,0.0006942786,0.08639501,2.772887,21.33028,0.03088572,0.3807527,0.01630676,0.07342767,3.39047,0.01967132,0.008939677,2.552682,0.01507106,0.002952796,0.006484266,0.001888851,8.995065,71.47139,0.7466597,0.3478505,0.4606242,0.4167836,0.0674605,0.5824954,6.067549,9.056869,14.95406,0.2764187,0.02825609,8.726313,0.01338826,0.7085616,0.2390718,0.4469033,2.313223,0.4400817,0.5588404,2.798993,0.03348201,0.05381175,0.2753525,0.6823953,0.03314697,1.515022,0.4022429,0.1144831,0.005645717,0.6104401,0.03954088,0.2926189,0.01759424,9.881897,0.06059881,1.157513,0.0969581,0.02512459,0.03471462,0.08487657,0.3332861,0.001448555,0.004755128,0.1408895,0.4253413,0.1034462,0.005960841
44,7B_Index22_treated4.count,treated4.count,0.0534780588504166,2.18680272694709,7.487106988688,5.71637997059926,2.3010991668809,0.345586949582781,0.124528155976196,0.00553811341948857,1.25677567569736,0.211048843274242,0.00150713007166421,1.27818313532288,0.160784138399322,0.279729823580756,1.32673,0.0418931,0.2409559,0.06363869,8.360704,27.27536,0.1516437,0.2193592,0.04930512,0.6659458,0.04449895,0.3807565,0.2967193,13.42474,1.073532,0.1823454,1.215145,0.2892166,0.07382253,1.086359,0.05357375,0.9809791,0.2368084,0.07075593,0.04092509,0.02487305,0.09478018,0.2157527,2.597234,0.6646608,0.9858654,0.01538763,0.5307067,0.07365316,0.005076621,0.05464985,1.7762,0.3874545,0.3957777,0.02883552,2.466895,23.50911,0.02964373,0.0330879,0.5652346,0.02009135,0.06515563,1.421112,0,0.04965308,2.082691,11.95129,0.01648278,0.5284926,0.01330959,0.04781643,3.803023,0.06718717,0.02385419,1.082693,0.00839267,0.004727456,0.002768367,0.006048139,15.356,45.76742,0.3740738,0.08115297,0.2675115,1.41871,0.04442757,0.5464054,3.985316,35.21263,14.91703,0.01883188,0.03126561,19.79502,0.01989368,0.8726263,0.3800418,0.7093814,2.245989,0.2145164,3.959564,1.460544,0.1735782,0,0.07347369,1.371008,0.005896516,0.191492,0.7171763,0.1745606,0.0120518,1.085912,0.1519328,0.05188443,0.01126743,4.510922,0.1164232,0.9737101,0.03233977,0.01149278,0.03705231,0,0.1103988,0.01443027,0.01015068,0.2105279,0.3858862,0.1840205,0.006362245
45,7B_Index23_treated2.count,treated2.count,0.0159657425661444,1.23681917105775,3.41593170619148,3.80556320063818,0.803292604354984,0.422375975058952,0.127465967375866,0.00302334190012339,4.2621155037376,0.302438935715965,0.00215975983468127,1.09953591946033,0.104730999152715,0.19435671011222,1.618772,0.1350765,0.1898711,0.07852992,8.154817,31.96843,0.122428,0.09652175,0.06459943,0.2928598,0.03188413,0.7238387,1.151209,2.785237,0.9788058,0.06218306,1.447531,0.3350917,0.02644744,0.882352,0.04387011,0.2892532,0.1983051,0.02458066,0.01535988,0.04158442,0.02829639,0.06870661,1.880124,0.152846,1.392058,0,0.6068032,0.1524569,0.02182482,0.01044197,2.143448,0.4408504,0.274313,0.02818137,3.287252,28.70705,0.05074036,0.04023166,0.3652928,0.004798579,0.05019884,1.344577,0.001415892,0.1084255,2.448482,6.169236,0.05905073,0.4387377,0.01564966,0.05192096,3.042138,0.02407028,0.02734698,1.727711,0.007349792,0.01354915,0.001322382,0.01926034,16.58911,65.30589,0.1243034,0.2151448,0.3039183,0.4939052,0.01536764,0.7110617,1.847699,53.09551,10.66937,0.05397322,0.02881233,14.67192,0.01686401,1.097659,0.3959233,0.7244476,2.237018,0.2685403,2.242993,1.839304,0.05852765,0.6584528,0.2105797,1.47352,0.05069924,0.2642499,0.4567706,0.1000601,0.008635284,0.9336855,0.05644697,0.06965424,0.006727724,4.41031,0.1606585,0.7851992,0.1174043,0.01097965,0.04580918,0.1298211,0.1171886,0.01280128,0.009697471,0.3160586,0.6288858,0.03516088,0.003039092
46,7B_Index25_treated2.count,treated2.count,0.0899698393807523,4.96531623972374,13.478282196214,3.5873702016263,0.627468101337665,1.05785102702539,0.106413884360196,0.00394376781951599,0.788712385576259,0.473416099712683,0.0157767507101624,0.865892122909543,0.207655247692631,1.93314069390373,0.897814,0.03654501,0.1174814,0.1216033,6.600845,9.523563,0.114984,0.2994541,0.03089756,0.3864091,0.07209094,0.2262255,0.4190743,239.6234,2.759095,0.2586107,5.728217,0.6380229,0.07885508,0.7712673,0.03433555,0.1811105,0.06703745,0.128256,0.01165733,0.02479743,0.03897795,0.1433978,8.590584,0.182959,0.6369906,0.1227268,0.6948725,0.2284465,0.02530593,0.03269022,2.203905,0.3506329,0.2475761,0.06311309,1.957965,16.25452,0.0332478,0.004498268,0.4916954,0.02754161,0.06076671,1.444103,0.0007387783,0.183865,2.42502,17.78321,0.024649,0.7340064,0.002041404,0.005348459,2.746958,0.3767788,0.04042882,2.324865,0.006972627,0,0,0,11.82336,10.88228,1.005307,0.03033984,1.22537,1.618166,0.04887447,0.3651258,112.2575,0.02777339,5.913976,0.1063895,0.03117055,18.07586,0.006052382,3.356646,0.3662568,0.4267735,3.04907,0.1622418,20.19311,3.04458,0.2697552,0.572608,0.8790036,4.741224,0.1881148,0.4030317,1.215979,0.2610448,0.04806063,0.2814787,0.1009806,0.04192227,0.008892924,10.34187,0.1354141,1.461343,0.01289658,0.01145784,0.03259381,0.1354751,0.01222924,0.0020552,0,0.1199359,0.7920561,0.09173051,0.00190287
47,7B_Index27_treated2.count,treated2.count,0.0280102776116935,3.03651489553838,9.02455233179078,7.63121769288466,0.312713494334291,0.867606059129421,0.16150775646615,0.0110503063025257,1.22386243365629,0.847483664557894,0.0221029654615013,1.10022374088349,0.219467134071175,1.98904506965951,1.411363,0.02925654,0.2088076,0.1666606,29.35132,19.49914,0.372895,0.3572363,0.03148143,0.329733,0.03107637,0.354541,1.56334,103.9139,2.177876,0.1965294,3.960185,0.7219634,0.06260231,0.8225332,0.03741387,0.3157563,0.06941791,0.01347634,0.03062199,0.05211118,0.04798838,0.08035919,7.578092,0.3023291,1.914045,0.2579072,0.6653592,0.1085883,0.0389985,0.07633075,2.13523,0.3623263,0.2059421,0.02962778,1.895622,14.62146,0.02242722,0.02100666,0.4876179,0.07015517,0.06164815,2.57798,0.004140064,0.1287959,0.9477761,14.96185,0.04028832,0.6847054,0.005719947,0.001954722,2.961227,0.1348978,0.04997657,2.326498,0.01041977,0.002200983,0,0.00281586,29.71646,18.5166,1.113105,0.06517526,0.1514755,1.057944,0.08666028,0.4125283,30.88116,0.1556403,10.1634,0.06137351,0.01275302,25.85661,0.009001089,1.289916,0.3210157,0.6833172,4.271696,0.1653076,23.6638,7.186283,0.3066164,1.203322,0.1026224,4.308568,0.1894235,0.2674614,1.744452,0.487626,0.008416517,0.6066876,0.2122082,0.01705134,0.01114738,5.591605,0.162611,3.056353,0.05420367,0.01070149,0.04261916,0.03163306,0.03426593,0,0.007088846,0.08401407,0.7926124,0.05140517,0.004443149
