"ID","Treatment","4306262","262104","181348","184451","176925","3957916","193680","258165","180362","1111580","1100972","3265889","262633","1111328","182061","187535","199307","353073","134762","210950","265912","207284","637934","262917","4421276","136604","4409730","4449518","258232","825063","730939","261590","167509","271230","175416","4455677","170926","176691","182033","743693","188973","1571092","4462541","291725","4407703","171532","258957","273967","174698","174126","163997","178480","4439469","4432234","194878","177068","259195","191445","182712","4390754","97263","320169","268720","333351","743911","186122","176990","195005","264155","258179","295188","258725","194665","180972","839215","2897332","178490","4474255","262801","170056","1051764","192204","177271","2656868","3465320","4334624","321809","198170","3919797","198194","663226","265940","129394","183545","263252","259511","335057","279431","177590","287507","2286580","180555","98048","199137","4440624","176957","275470","179703","230268","265793","191811","194504","1113282","272953","264225","164237","4407190","163153","175998","375106","259504","134065","196349","832848","839233","318503","359376","461524","308734","259870","825939","276236","261064","779847","174824","1107303","1857626","266946","276837","191583","661055","3172949","708190","260205","414089","191616","165046","4438116","299687","351094","242029","4484382","263272","267478","4410166","3750373","4436552","185743","4420206","173722","828708","665703","2120779","176154","175575","270199","264684","4435934","179838","851733","197765","295075","169428","162898","1684221","272201","258899","258522","174847","189476","307608","4383135","267042","832558","184966","4481359","273504","269886","264586","133843","344527","1108078","322839","188225","4372003","1105589","238487","172464","4410988","4342104","830014","631564","4393892","309361","261744","214835","261365","2883968","173892","271804","260018","172859","194478","197706","4376828","174285","268733","258438","328905","1105751","189279","312476","4318470","4432841","1107459","250270","4449236","261373","4356342","4364237","329502","260156","176298","203713","269532","321469","827592","273364","176836","263612","303479","4390755","4380294","175901","258641","174184","258421","173245","38278","607540","3694603","338640","184318","177574","181419","234054","262095","187807","177195","292591","176118","259006","1109864","167034","271866","190114","258980","2901239","179949","345804","234912","263731","183446","4448052","610842","186760","263138","262556","628218","185222","307170","2063400","188785","180405","214116","266411","258368","180535","4343981","4457872","259922","191098","732285","190273","179575","195189","4480555","4480557","229562","2901246","178959","174071","197126","267110","356164","192598","173192","228140","318370","214471","4343528","228785","259290","176139","4430498","199698","1844553","170950","175114","176486","176868","258969","4468234","317633","465433","275218","214919","267124","3868285","263933","1108378","228043","337727","314810","266091","190835","4307094","4307093","2978254","261132","199067","4476330","258550","260666","265011","162005","174667","185587","268620","133206","4428313","325541","273586","267717","258559","259556","177533","174770","174320","New.ReferenceOTU1265","New.ReferenceOTU1316","New.ReferenceOTU416","New.ReferenceOTU292","New.ReferenceOTU295","New.ReferenceOTU294","New.ReferenceOTU858","New.ReferenceOTU928","New.ReferenceOTU667","New.ReferenceOTU1273","New.ReferenceOTU1070","New.ReferenceOTU1412","New.ReferenceOTU116","New.ReferenceOTU1098","New.ReferenceOTU1012","New.ReferenceOTU845","New.ReferenceOTU841","New.ReferenceOTU1242","New.ReferenceOTU542","New.ReferenceOTU1254","New.ReferenceOTU1256","New.ReferenceOTU1259","New.ReferenceOTU1323","New.ReferenceOTU550","New.ReferenceOTU956","New.ReferenceOTU951","New.ReferenceOTU1406","New.ReferenceOTU1356","New.ReferenceOTU146","New.ReferenceOTU961","New.ReferenceOTU960","New.ReferenceOTU964","New.ReferenceOTU966","New.ReferenceOTU1231","New.ReferenceOTU1237","New.ReferenceOTU1691","New.ReferenceOTU151","New.ReferenceOTU408","New.ReferenceOTU977","New.ReferenceOTU974","New.ReferenceOTU972","New.ReferenceOTU978","New.ReferenceOTU979","New.ReferenceOTU882","New.ReferenceOTU18","New.ReferenceOTU19","New.ReferenceOTU12","New.ReferenceOTU13","New.ReferenceOTU10","New.ReferenceOTU11","New.ReferenceOTU16","New.ReferenceOTU14","New.ReferenceOTU15","New.ReferenceOTU407","New.ReferenceOTU360","New.ReferenceOTU167","New.ReferenceOTU988","New.ReferenceOTU987","New.ReferenceOTU986","New.ReferenceOTU217","New.ReferenceOTU8","New.ReferenceOTU9","New.ReferenceOTU0","New.ReferenceOTU1","New.ReferenceOTU2","New.ReferenceOTU3","New.ReferenceOTU4","New.ReferenceOTU5","New.ReferenceOTU6","New.ReferenceOTU7","New.ReferenceOTU1361","New.ReferenceOTU995","New.ReferenceOTU200","New.ReferenceOTU1778","New.ReferenceOTU1558","New.ReferenceOTU1001","New.ReferenceOTU1398","New.ReferenceOTU1396","New.ReferenceOTU1397","New.ReferenceOTU833","New.ReferenceOTU832","New.ReferenceOTU834","New.ReferenceOTU22","New.ReferenceOTU21","New.ReferenceOTU27","New.ReferenceOTU1388","New.ReferenceOTU535","New.ReferenceOTU533","New.ReferenceOTU530","New.ReferenceOTU1023","New.ReferenceOTU1024","New.ReferenceOTU447","New.ReferenceOTU45","New.ReferenceOTU1853","New.ReferenceOTU1034","New.ReferenceOTU1031","New.ReferenceOTU1032","New.ReferenceOTU333","New.ReferenceOTU1861","New.ReferenceOTU873","New.ReferenceOTU909","New.ReferenceOTU311","New.ReferenceOTU868","New.ReferenceOTU860","New.CleanUp.ReferenceOTU31","New.CleanUp.ReferenceOTU77","New.CleanUp.ReferenceOTU78","New.CleanUp.ReferenceOTU110","New.CleanUp.ReferenceOTU123","New.CleanUp.ReferenceOTU24","New.CleanUp.ReferenceOTU23","New.CleanUp.ReferenceOTU22","New.CleanUp.ReferenceOTU169","New.CleanUp.ReferenceOTU12","New.CleanUp.ReferenceOTU14","New.CleanUp.ReferenceOTU18","New.CleanUp.ReferenceOTU19","New.CleanUp.ReferenceOTU54","New.CleanUp.ReferenceOTU51","New.CleanUp.ReferenceOTU53","New.CleanUp.ReferenceOTU59","New.CleanUp.ReferenceOTU92","New.CleanUp.ReferenceOTU29","New.CleanUp.ReferenceOTU28","New.CleanUp.ReferenceOTU7","New.CleanUp.ReferenceOTU4","New.CleanUp.ReferenceOTU2","New.CleanUp.ReferenceOTU3","New.CleanUp.ReferenceOTU0","New.CleanUp.ReferenceOTU1","New.CleanUp.ReferenceOTU8","New.CleanUp.ReferenceOTU113","New.CleanUp.ReferenceOTU244","New.CleanUp.ReferenceOTU43","New.CleanUp.ReferenceOTU86","New.CleanUp.ReferenceOTU83","New.CleanUp.ReferenceOTU135","New.CleanUp.ReferenceOTU68"
22,"WD8",32383,1,1,3610,0,18,0,6,0,4,98,0,77,0,1,75,0,19,116,12,52,928,0,0,77,0,35,774,0,0,0,165,0,0,0,3,0,1,0,11,7,12,200,5,13,0,1,1,2,2,1,1,220,0,0,0,49,0,3,32,0,28,4,0,1,0,0,2392,0,0,11,78,0,3,0,140,0,7,0,1,1,1,105,49,4,11,16,0,58,87,3,1093,101,1,0,87,4,0,0,1,0,206,3,3,22,33,1,0,0,948,158,0,0,3,0,1,0,14,0,23,1,13,2,1,0,3,17,39,0,6,0,2,0,1,2,6,0,0,318,1,0,10,0,0,16,0,1,5,19,1,5,11,485,5,10,0,10,3,1,44,0,0,0,1,4,0,7,8,2,13,0,0,18,0,3078,1,25,5,0,0,6,1,0,1,2,0,0,36,2,0,3,0,1,28,4,1,2,0,19,16,5,0,0,1,0,16,47,1,159,0,0,0,0,242,8,0,88,0,0,0,0,0,11,3,0,1,219,4,6,124,1,0,0,8000,1,564,72,5,1,0,0,1,1,0,35,102,585,1,464,0,0,3,1,0,0,1,576,0,13,0,4,2,11,520,109,1,2,10,1056,4,8,73,360,4,1,0,60,1,0,1,0,8,1,6,0,134,0,19,0,6719,4,1,1,4,1,8,1,0,1,0,237,0,1,1,0,10,1,9,0,0,3,9,0,0,2,1,0,7,58,0,6,0,19,14,1155,6,6,6,4,205,3,23,6,3,39,58,10,3,0,2,6,3,68,1,38,54,0,3,0,0,99,2,6,14,0,74,25,129,0,0,7,0,12,10,14,3,8,0,11,0,5,12,27,10,1,0,0,41,14,12,20,15,0,0,1,6,19,6,0,1,0,3,7,31,12,0,2,9,13,0,0,0,8,2,0,1,0,28,195,15,7,0,3,5,2,0,0,7,0,168,28,92,137,120,1,109,0,155,16,3,6,0,0,7,17,18,0,4,6,12,2,79,2,17,0,29,26,17,7,1,7,0,23,31,2,0,3,5,3,0,0,30,5,15,0,0,0,6,3,13,5,1,1,6,11,3,6,0,0,0,9,2,10,13,18,3,61,0,14,5,3,0,8,12,0,0,2
53,"WD2",14868,0,3,223,0,156,0,125,3,6,65,2,7,0,1,5,2,26,122,6,2,1849,0,0,26,0,23,637,2,0,0,88,0,0,0,0,1,1,0,9,5,8,1,4,46,0,5,3,4,107,1,5,29,0,2,0,30,1,3,27,1,59,3,1,0,1,1,2829,4,6,17,459,0,6,0,122,1,35,0,3,2,0,22,154,35,5,11,1,186,16,2,377,4,2,2,21,1,0,2,0,2,3232,6,2,21,13,8,53,11,98,18,0,3,12,5,0,1,23,1,21,0,5,0,0,0,12,5,97,0,5,0,0,0,1,111,5,0,0,2,0,0,15,2,1,5,0,27,18,27,0,12,22,86,6,21,2,22,0,0,2,0,1,2,1,3,0,697,36,45,43,7,0,24,0,603,0,4,672,0,0,10,2,19,1,54,2,1,157,3,3,2,0,734,8,10,0,1,0,34,1,0,0,1,1,0,2,31,1,92,0,3,1,0,111,10,0,56,29,3,1,1,0,21,4,3,0,855,0,3,30,13,1,1,1828,98,147,41,1,0,0,0,5,0,0,2,47,935,4,3287,0,2,10,0,0,0,0,222,0,133,0,15,3,10,424,1,1,1,53,717,0,5,36,109,1,0,0,40,0,1,5,1,42,0,5,1,57,0,169,1,26035,8,25,0,2,0,12,0,2,2,2,93,1,0,3,35,11,80,19,1,0,5,11,483,0,0,2,0,1,62,0,11,0,28,14,2711,24,10,12,1,1519,3,17,0,2,28,116,14,5,0,1,1,10,75,0,103,44,1,1,0,0,169,1,8,5,0,45,46,144,0,3,11,23,27,0,26,9,5,1,1,21,8,3,6,10,0,0,0,23,23,3,1,1,44,0,8,9,5,14,0,0,6,0,14,10,4,0,56,1,22,0,0,0,18,29,0,2,0,22,72,7,1,0,7,4,15,0,0,1,7,24,22,329,65,31,16,0,1,79,9,38,5,0,0,4,28,21,0,0,8,36,2,85,23,96,0,13,0,12,0,0,1,0,3,30,7,0,1,0,46,4,0,18,17,14,0,0,0,8,20,7,0,0,13,5,1,11,0,1,0,0,3,3,19,9,2,146,32,0,73,11,0,0,1,3,0,0,1
54,"WD2",26430,1,4,622,0,9,0,4,1,4,34,0,8,1,0,8,0,25,104,7,16,1845,0,1,125,0,34,187,1,0,0,168,2,0,0,1,0,0,0,0,6,142,6,1,31,0,0,3,1,42,2,6,279,0,1,0,8,0,2,22,1,10,5,1,2,0,0,3477,5,1,14,37,1,4,0,221,0,25,1,3,1,0,187,114,28,1,4,2,53,6,4,283,6,1,0,22,0,0,2,0,0,661,0,0,7,9,24,0,0,401,41,0,0,6,5,0,0,11,1,42,1,9,0,2,0,1,6,80,0,8,0,1,0,0,169,2,0,1,5,0,0,42,0,2,5,10,40,18,22,0,15,6,50,0,22,7,14,2,0,0,0,0,1,0,2,0,7,3,44,50,15,0,17,0,688,0,6,62,5,0,13,0,22,1,1,0,0,39,0,1,0,0,2,1,7,2,4,1,3,14,1,2,2,0,0,1,19,11,86,0,0,0,1,67,10,1,67,13,0,2,4,0,23,13,1,5,863,2,3,4,19,0,0,1734,3,165,7,2,1,0,0,4,0,1,23,17,791,0,3000,0,0,7,0,0,1,0,134,1,26,0,2,2,4,396,0,0,0,27,71,4,11,4,131,0,0,1,8,1,1,4,0,28,5,11,2,17,0,26,0,22828,7,1,1,15,0,0,20,0,0,1,34,0,2,0,31,33,304,55,2,1,4,10,0,0,0,5,0,0,9,0,10,1,12,3,2962,4,7,6,0,22,2,2,2,2,15,112,8,4,1,1,3,2,15,0,72,47,4,4,1,0,228,1,2,16,0,49,25,45,2,1,8,1,20,1,25,3,12,0,0,3,4,1,4,16,0,0,0,2,34,5,4,5,0,0,6,1,2,8,0,0,1,5,9,7,4,0,0,1,14,1,0,1,35,30,0,0,0,28,103,9,0,15,2,9,11,0,0,0,2,52,13,123,118,49,2,31,2,80,4,6,6,0,0,1,20,9,0,1,13,3,1,70,13,72,0,25,7,11,0,0,2,0,3,47,7,3,0,0,42,0,0,19,15,17,0,0,0,6,3,3,1,0,16,0,2,11,1,3,0,0,2,0,12,6,1,34,58,0,53,5,1,0,6,2,0,0,0
29,"WD6",21336,0,5,1675,0,371,0,4,0,15,126,0,34,0,1,84,1,6,89,4,30,1565,0,1,6,3,42,2253,3,1,1,213,0,10,0,2,0,0,1,64,13,475,275,5,20,2,0,6,2,19,1,7,114,0,1,2,40,0,16,9,1,30,2,0,0,2,1,2673,0,44,15,60,2,4,5,54,1,12,1,0,0,1,178,58,20,7,18,2,7,253,8,1204,677,1,0,51,25,1,0,0,0,126,2,4,81,316,24,3,0,793,30,1,1,3,1,2,1,27,0,52,4,11,3,0,0,0,6,38,1,0,0,5,0,1,3,19,1,0,319,0,1,49,0,1,22,1,0,21,18,4,10,14,534,8,19,0,18,0,0,72,0,2,2,1,2,0,30,1,0,3,2,0,13,3,3101,37,13,5,0,0,4,1,17,1,1,0,0,0,1,4,13,0,1,15,5,3,8,1,11,14,3,0,0,1,1,29,142,1,173,0,3,0,0,192,7,1,76,12,0,0,0,3,9,4,1,9,316,1,4,150,1,0,1,7650,5,333,223,15,0,0,0,2,0,1,169,164,1328,0,108,0,0,9,1,0,0,1,579,1,0,0,5,3,37,491,0,1,1,18,561,2,13,74,1591,4,1,0,27,1,1,0,1,20,15,5,0,248,0,233,1,14988,10,3,0,6,1,18,6,1,0,0,345,0,10,3,0,15,11,13,2,3,3,15,74,1,0,0,0,9,244,0,14,87,21,16,1,8,19,4,6,268,2,16,5,1,52,3,6,12,0,10,4,3,0,0,27,108,2,7,0,0,18,0,6,1,2,47,87,118,0,0,4,0,6,13,0,15,12,1,6,0,7,17,11,13,37,1,0,11,13,7,13,5,0,0,2,25,7,11,0,0,0,8,12,33,8,0,5,17,11,1,0,1,19,1,0,0,0,33,90,27,17,15,13,7,4,0,0,6,0,90,56,148,96,67,3,56,1,83,41,3,3,0,0,9,4,4,3,3,10,17,3,87,6,64,0,15,8,9,10,0,3,5,12,31,4,8,1,3,1,0,0,18,9,13,0,0,0,10,1,2,17,0,7,3,13,6,5,1,0,1,10,13,11,13,9,3,44,0,28,7,2,0,7,3,0,0,0
34,"WD6",16325,1,5,743,0,0,0,1141,0,11,114,0,7,0,1,116,1,28,208,2,14,933,0,0,10,0,108,2851,2,0,1,365,1,0,0,0,0,0,1,44,8,2,915,2,17,3,1,3,2,1,0,0,46,0,2,0,60,0,9,9,2,77,1,0,2,0,0,1985,0,171,13,32,3,4,0,18,1,10,0,2,2,0,738,48,6,2,59,0,11,105,5,723,1721,0,0,81,44,1,2,0,0,159,1,5,53,12,0,4,0,353,57,0,0,21,0,13,1,14,0,20,0,7,1,1,0,1,4,27,0,15,0,0,0,0,0,30,0,104,1375,1,1,7,0,2,19,0,50,2,36,23,3,86,589,54,10,79,8,17,0,232,0,1,133,3,7,0,7,2,0,0,0,0,31,1,5401,0,6,5,0,0,1,0,18,1,0,1,0,30,3,59,11,0,2,28,4,10,7,0,30,71,8,0,0,0,0,13,228,2,301,0,0,0,0,382,35,0,1075,1,1,1,0,0,8,1,0,0,208,2,0,26,0,0,0,13398,1,1338,96,6,0,0,0,3,0,0,1807,132,601,0,5,0,0,21,0,0,2,2,101,0,5,0,3,2,20,515,191,2,2,22,610,12,3,50,2055,2,0,2,30,1,0,7,0,8,0,15,0,178,0,84,0,6090,24,0,1,3,48,9,0,1,4,0,177,0,13,1,0,5,3,22,3,27,3,9,2,0,3,0,0,11,904,0,6,0,15,59,1,4,47,22,21,145,1,6,7,255,63,1,7,3,0,2,0,3,114,0,89,73,2,9,0,0,6,2,3,3,0,163,22,88,0,0,11,0,4,50,0,6,6,0,15,0,13,23,42,5,29,0,0,6,2,15,38,15,0,0,7,36,13,10,0,0,0,8,14,84,28,1,1,45,14,0,0,0,6,0,2,0,0,52,212,11,17,0,0,3,5,2,0,14,0,151,19,141,63,117,1,80,0,189,71,4,15,0,28,21,0,6,1,15,16,8,1,95,4,13,0,23,26,13,28,0,10,5,7,28,5,0,0,10,0,0,0,39,5,20,0,0,0,8,1,5,28,0,1,4,25,7,1,35,0,0,26,1,6,26,13,2,29,0,17,1,2,0,3,18,0,0,6
59,"WD2",35891,0,14,2650,0,34,0,0,0,2,34,0,43,0,0,26,0,13,77,4,43,425,0,0,33,1,39,108,1,0,0,139,1,0,0,0,0,2,0,7,3,5,7,4,21,1,1,0,1,130,1,1,62,0,1,0,8,1,10,24,1,1,4,0,0,0,0,1394,0,24,14,38,2,4,0,113,1,11,1,0,1,1,167,77,21,0,6,1,46,50,4,251,25,1,0,21,0,0,3,0,0,476,0,12,45,19,13,2,1,449,107,0,0,7,4,0,0,8,0,11,0,11,0,0,0,1,16,2,0,1,1,3,0,1,32,7,1,0,5,0,0,18,0,1,3,14,40,12,5,1,1,6,114,8,16,0,10,5,3,0,0,0,6,1,4,0,12,3,6,0,0,0,13,0,217,0,5,21,3,0,4,0,13,0,2,0,0,7,1,1,5,0,1,15,6,1,2,0,6,23,5,1,0,0,0,4,15,0,101,0,0,0,5,169,0,1,3,50,0,0,1,0,15,1,0,2,456,3,10,0,2,1,1,4856,2,186,67,1,0,1,0,1,0,0,6,71,38,0,362,0,1,8,0,0,0,2,584,0,0,0,2,0,8,359,0,1,0,27,172,2,0,58,712,2,0,0,16,1,1,3,0,16,0,5,0,5,0,75,1,19052,5,1,0,10,0,5,2,0,0,1,81,1,4,1,2,18,7,39,0,0,1,2,8,0,0,5,0,0,3,0,9,5,17,11,150,2,5,4,0,75,9,5,1,5,30,18,6,11,0,0,3,6,30,0,43,71,1,2,1,0,4,1,7,10,0,19,27,37,2,0,7,0,7,17,4,12,8,0,7,1,2,10,6,11,0,0,0,10,8,8,1,18,0,0,3,0,9,3,0,0,0,7,10,17,1,0,4,14,1,1,0,2,24,1,0,0,0,13,96,5,2,0,5,13,11,0,0,10,0,18,33,134,148,30,4,69,0,119,7,6,8,0,0,2,16,23,3,3,9,6,0,61,3,73,0,21,0,32,16,0,2,3,18,31,3,0,1,2,1,0,1,16,15,12,0,0,0,11,3,16,0,0,7,6,6,12,0,0,0,0,0,0,4,3,9,20,69,0,54,2,0,0,13,18,0,0,4
60,"WD2",24247,1,15,1039,1,48,0,2,1,2,149,0,93,25,0,14,1,37,200,4,23,650,0,0,76,1,85,185,11,0,0,399,0,0,0,0,0,0,2,18,10,478,0,5,34,0,5,2,1,164,0,3,38,0,1,0,30,1,4,15,0,5,3,0,1,2,0,2382,4,15,15,331,1,3,0,305,1,8,0,0,0,0,162,71,13,16,7,6,319,38,2,335,2,1,1,218,0,1,5,2,1,1373,0,6,44,35,28,3,4,477,65,0,6,17,4,1,0,19,2,57,0,15,0,0,0,11,12,24,0,1,1,24,0,1,79,12,0,0,1,0,2,58,0,1,8,9,72,5,15,0,7,12,212,4,16,1,14,7,0,0,0,0,1,0,10,0,4,36,5,2,1,0,15,0,1444,3,16,349,1,0,10,0,12,1,28,0,0,0,2,1,5,5,1,17,2,2,3,0,19,5,0,1,0,0,1,5,24,1,130,0,0,0,3,173,0,0,12,68,0,1,1,0,23,9,2,1,277,1,25,0,4,0,1,11415,0,243,264,2,0,0,0,3,0,1,16,60,261,1,1030,1,0,15,0,0,2,0,496,1,0,0,15,2,7,434,0,0,1,29,347,3,1,20,142,3,1,0,107,3,1,26,0,11,13,5,0,61,0,155,1,15850,8,0,0,14,0,11,1,0,0,4,158,0,11,2,10,29,11,46,0,0,20,15,62,0,2,4,0,0,14,2,25,1,13,7,1663,8,6,11,0,56,6,29,1,0,21,121,11,5,0,2,1,5,44,0,107,87,1,4,1,0,11,0,14,9,0,20,41,81,1,2,6,1,38,2,30,10,13,0,6,10,3,28,29,24,0,0,0,10,32,7,5,9,0,0,8,1,1,6,0,0,5,6,14,40,10,0,2,4,2,0,0,1,28,1,0,1,0,30,215,9,10,29,2,8,6,0,0,1,1,78,80,125,117,53,10,75,0,212,14,16,6,0,0,4,25,23,3,0,7,11,2,94,3,73,0,18,11,13,2,0,12,0,4,56,1,10,1,10,5,4,0,24,9,13,0,0,0,9,7,7,0,0,11,3,21,6,7,0,1,0,6,2,10,10,9,39,53,0,30,1,0,0,9,7,0,0,1
25,"WD6",19942,3,2,3093,2,63,5,6,0,16,126,2,34,1,0,30,0,3,40,7,65,1272,1,3,51,1,89,1348,1,0,0,301,1,1,1,2,0,0,0,8,6,7,279,3,43,2,0,2,32,1,6,4,116,2,0,0,65,0,3,27,0,92,1,1,3,6,2,3254,0,0,16,162,2,12,9,318,0,25,3,0,1,1,213,44,15,0,32,0,33,165,2,394,623,0,0,48,15,0,1,0,6,198,3,3,37,34,5,3,3,558,24,0,1,34,2,1,1,41,0,28,0,6,0,2,1,2,13,36,0,4,0,10,0,0,1,18,0,0,436,2,1,77,0,0,15,0,11,10,24,1,5,6,332,25,20,0,24,3,1,49,1,2,13,0,11,0,18,2,1,4,1,1,22,1,2143,0,6,2,101,1,9,0,30,0,1,1,19,4,0,1,8,0,4433,36,5,1,0,0,6,22,0,0,1,1,0,10,154,1,148,1,0,0,0,325,12,1,284,2,2,1,1,0,4,4,1,0,732,1,6,82,2,3,0,6703,1,530,33,10,1,0,1,19,0,1,507,45,891,3,342,1,0,7,1,19,0,1,587,4,1,0,10,16,16,434,62,1,5,11,306,6,6,43,1728,4,1,1,6,1,1,3,0,20,0,13,0,127,0,34,8,13728,9,1,6,6,2,9,0,4,2,0,208,1,5,0,1,15,75,20,1,12,11,11,4,0,2,3,0,5,47,1,9,2,26,14,1356,12,69,3,5,261,3,12,1,25,65,11,5,12,0,3,1,0,1,0,68,67,3,0,0,0,22,6,7,5,2,60,138,135,2,0,5,1,0,3,2,6,15,0,2,1,4,14,1,7,11,1,0,4,32,3,2,4,104,0,9,10,3,16,0,0,0,1,5,15,11,0,4,7,10,0,0,0,19,0,0,1,0,18,49,7,12,0,8,6,3,0,0,4,0,50,31,83,89,28,0,140,1,21,30,0,1,1,0,3,2,2,1,1,9,5,1,118,9,50,0,11,4,4,12,0,7,6,21,20,7,0,2,2,0,0,0,2,0,10,0,0,0,3,4,10,15,0,5,3,8,2,5,6,0,1,5,4,9,8,7,2,42,0,18,4,6,0,7,4,0,0,3
13,"WD8",20433,1,12,2527,0,18,1,1,0,3,54,0,11,0,0,236,0,4,50,12,40,542,0,103,237,0,17,1205,9,0,0,94,0,0,0,2,0,0,0,35,10,3,259,1,17,0,0,1,1,12,0,0,234,0,3,0,68,2,5,11,0,37,5,1,2,0,0,3609,1,1,13,158,4,9,2,27,4,20,0,1,0,0,420,44,20,17,0,0,21,155,8,656,1641,0,0,165,46,0,1,0,1,608,0,1,143,44,7,1,0,1562,33,11,0,20,0,0,1,35,0,21,0,11,0,0,0,2,11,2,0,0,0,2,0,1,0,15,2,28,371,0,1,33,0,1,22,0,118,14,20,6,7,0,419,0,14,25,19,4,1,86,0,1,1,0,1,0,6,32,0,2,0,0,16,0,2921,2,14,3,2,0,15,0,0,1,1,1,0,16,0,21,2,0,1610,30,5,4,3,0,9,10,6,1,1,0,0,59,92,0,320,0,0,0,0,427,3,1,25,7,1,1,0,0,9,28,3,0,330,0,15,0,0,1,1,5922,1,982,123,4,0,0,1,4,1,2,399,114,21,0,9,0,0,21,0,0,0,0,214,0,22,0,5,1,22,418,78,1,108,13,954,2,23,164,1903,3,0,0,46,0,0,3,0,27,0,6,0,5,0,179,1,15670,14,4,0,6,0,15,0,2,8,3,176,1,0,2,0,68,4,143,0,3,15,14,50,0,2,6,0,5,183,0,39,1,18,16,2,4,10,4,13,3,2,30,10,0,104,0,5,9,0,2,19,3,171,0,19,126,2,6,0,0,13,1,22,3,1,115,31,240,1,0,9,0,3,6,0,10,27,0,2,0,0,11,22,12,45,0,0,10,4,3,5,8,67,0,3,8,4,12,0,0,0,5,6,33,23,0,0,10,0,0,0,0,11,0,0,0,0,7,66,7,17,0,7,5,3,0,0,2,0,83,38,111,85,41,0,87,0,37,78,4,3,0,0,1,0,3,0,9,24,22,6,82,4,68,0,17,10,7,10,0,5,10,18,16,0,0,6,3,0,0,0,9,1,5,0,0,0,4,4,11,17,0,6,3,7,3,1,0,0,0,3,1,12,7,12,24,56,0,20,5,3,0,14,7,0,0,7
39,"WD4",18117,2,2,1218,0,46,0,0,0,9,73,0,27,5,0,5,0,51,299,2,38,626,0,0,77,0,38,163,2,0,11,101,1,0,0,3,1,2,2,0,4,843,1,5,20,1,4,0,6,39,0,4,4,0,2,1,6,0,3,7,2,4,3,1,0,2,1,1427,9,0,11,97,2,5,2,1,0,19,0,0,3,0,36,147,33,0,0,2,82,8,10,876,1,2,0,28,0,1,4,0,2,156,0,1,18,99,8,2,0,93,89,0,17,6,2,0,1,13,1,11,1,3,1,1,0,6,1,34,0,2,1,5,1,1,98,12,3,1,1,0,0,24,0,2,3,0,6,13,31,0,4,11,45,1,23,0,24,0,0,20,43,0,1,2,1,0,14,8,5,5,2,0,10,0,649,0,4,6,3,0,7,1,5,1,0,0,0,30,0,0,5,5,3,19,9,1,7,0,27,4,1,0,1,0,0,3,16,5,122,0,0,0,0,43,4,0,210,13,2,0,1,0,18,21,0,1,481,1518,1,19,9,1,0,11920,88,33,11,2,0,0,0,1,0,5,2,5,455,1,1008,0,1,3,0,0,0,1,171,0,5,0,1,2,5,149,0,0,59,28,195,1,1,21,758,1,5,0,4,2,0,4,0,43,65,13,1,32,0,24,2,25984,10,0,0,5,1,4,0,0,0,2,111,0,1,1,11,7,41,36,0,1,7,10,116,0,1,3,0,3,8,0,14,1,19,4,0,22,25,2,1,695,0,6,2,2,9,170,6,9,0,9,2,4,22,0,19,38,2,1,0,0,23,1,6,8,0,18,31,106,3,0,5,1,39,15,43,26,4,1,5,0,1,21,11,38,0,0,86,12,11,7,9,13,0,0,4,1,11,8,1,0,0,10,13,33,0,0,31,28,8,0,0,3,19,5,2,0,57,43,189,37,1,45,5,4,6,0,0,5,0,28,143,107,90,32,4,2,0,170,5,0,14,0,0,29,54,2,1,0,2,8,1,134,7,108,0,16,6,12,13,0,9,2,7,29,4,17,1,3,11,0,1,46,5,18,0,0,0,2,5,7,0,0,8,3,17,12,4,7,0,0,1,3,5,8,9,13,34,0,33,7,1,0,9,14,0,0,3
57,"WD2",22965,0,21,201,0,111,0,1,1,4,187,0,87,59,0,22,1,64,316,15,5,663,0,0,152,3,52,348,2,0,1,218,0,0,1,2,4,0,1,50,8,32,11,3,24,2,0,3,0,223,2,3,167,0,0,0,24,0,5,18,0,5,8,0,0,1,0,4006,1,47,10,44,39,6,0,247,0,21,0,0,2,1,121,115,16,16,4,7,262,51,4,770,5,4,0,80,0,0,5,0,19,2789,1,4,41,288,14,3,1,583,17,0,0,33,3,0,1,56,1,62,0,9,0,1,0,6,13,6,0,16,0,30,0,0,105,15,0,0,20,1,0,36,1,1,12,6,73,10,24,0,21,21,135,6,20,2,16,4,0,1,0,0,0,0,9,0,14,18,21,19,0,0,83,1,1854,0,12,10,0,0,12,1,26,2,1,1,0,42,3,0,8,0,0,21,6,0,5,0,21,10,0,0,0,1,0,8,33,0,77,0,0,1,3,173,0,0,1,76,4,0,3,0,25,146,0,4,459,2,39,0,4,1,0,9734,0,256,189,9,1,0,1,2,0,0,8,86,92,2,2190,0,2,12,0,1,1,0,432,1,30,0,12,1,25,951,0,2,0,31,333,4,2,26,69,2,0,1,86,1,0,18,0,17,3,5,0,75,1,23,0,15151,17,0,0,15,2,16,0,2,2,8,116,0,4,5,13,29,7,123,1,0,42,13,124,0,12,3,0,2,63,0,20,1,23,1,4,12,9,11,0,11,8,11,4,12,28,303,6,3,0,20,7,13,56,0,56,88,5,4,2,0,11,3,7,4,1,32,18,115,2,0,13,1,59,3,45,18,13,0,8,0,7,23,32,20,1,0,0,10,27,8,9,9,0,0,18,2,2,12,0,0,0,17,23,43,14,0,1,2,5,0,0,2,39,9,1,0,0,29,362,24,5,1,7,9,9,0,0,0,0,109,51,204,90,69,11,112,1,310,18,49,10,0,0,6,72,20,1,1,11,5,5,81,16,61,1,23,9,24,0,1,5,0,1,44,10,0,2,6,31,0,0,20,17,25,0,0,0,7,3,2,1,0,9,5,19,5,4,0,1,0,10,5,25,19,14,112,42,0,28,18,1,0,0,0,0,0,0
49,"WD2",24618,0,3,1364,0,25,0,0,0,5,61,0,51,0,0,16,0,72,383,3,56,842,0,0,124,0,62,101,3,0,1,241,0,0,0,2,1,0,2,12,2,2275,2,3,6,1,8,0,2,53,0,2,81,0,3,0,32,0,1,18,1,1,1,0,0,1,1,1698,9,1,15,143,0,3,0,116,0,11,0,1,1,1,53,116,27,1,8,3,34,22,4,449,3,0,0,25,0,0,3,0,1,123,0,1,14,16,15,0,0,441,91,0,3,14,3,0,0,17,0,34,0,5,1,1,0,2,5,33,0,0,1,0,0,1,100,6,0,0,2,0,0,23,2,0,1,16,32,11,21,0,7,6,118,8,17,4,15,1,1,0,0,0,0,0,4,0,11,9,14,1,2,0,18,1,1166,0,12,61,2,0,9,0,9,1,1,1,0,26,1,0,4,7,2,7,6,1,6,0,5,2,0,0,0,1,0,1,12,1,78,0,0,1,3,88,2,0,25,19,0,1,1,0,27,2,0,15,364,3,0,8,14,0,0,11672,0,130,41,0,1,0,0,4,0,2,1,49,268,5,2249,1,1,4,0,0,2,0,236,0,15,0,4,4,7,291,0,1,1,26,149,2,5,7,191,0,0,0,11,0,0,3,0,17,54,19,0,23,0,15,0,17381,5,0,0,4,1,8,11,0,0,1,68,0,1,3,15,14,141,37,0,0,5,9,0,0,1,2,0,4,73,0,22,0,21,0,0,12,20,5,0,552,2,1,0,0,5,365,7,8,0,0,2,2,21,0,75,88,6,0,0,0,6,0,3,25,1,16,10,36,2,0,10,0,98,8,67,27,16,0,5,2,3,21,11,40,0,0,0,10,17,7,15,11,0,0,5,0,6,13,0,1,0,8,18,33,8,0,31,7,10,1,0,1,47,13,1,1,0,47,228,17,1,171,3,4,5,0,0,0,0,73,95,112,117,55,5,63,2,224,15,1,18,0,0,6,76,7,0,0,4,5,0,302,8,59,0,22,15,12,2,0,9,0,13,46,4,50,0,4,20,2,0,42,11,19,1,0,0,10,7,10,0,0,18,5,21,14,8,0,0,0,2,1,3,10,22,11,51,1,37,2,0,2,18,3,0,0,1
58,"WD2",23202,2,22,5319,0,132,0,0,0,3,82,0,64,0,2,20,0,15,111,10,102,1008,0,1,76,1,76,208,2,0,0,232,0,1,0,0,1,1,1,77,6,3,54,6,21,1,5,1,2,309,1,2,129,0,2,0,12,1,8,66,0,9,8,0,0,0,0,3594,5,32,6,265,10,4,1,371,0,23,0,1,1,0,128,95,19,11,10,2,90,54,5,357,58,4,0,10,7,0,7,0,9,1528,0,6,45,102,34,4,5,694,166,0,6,24,4,2,3,22,2,47,0,10,0,0,0,12,7,37,0,0,0,16,0,1,142,3,0,0,73,0,0,62,0,0,17,6,66,17,26,0,11,11,54,9,14,1,19,4,1,0,0,0,0,0,7,0,10,22,15,5,1,0,54,0,1183,0,22,5,1,1,2,0,89,1,19,0,0,12,0,0,7,1,1,28,7,1,4,1,18,7,0,2,0,0,0,1,18,0,96,0,0,0,0,234,0,0,6,108,2,0,0,0,29,13,1,1,602,4,11,0,7,0,0,3726,1,300,236,8,0,0,0,6,0,2,88,40,215,1,1443,0,1,10,0,0,0,0,378,3,12,0,12,2,9,547,0,1,0,36,212,4,7,49,205,8,0,0,122,0,1,6,0,28,1,11,0,13,0,115,0,17156,9,3,0,12,1,16,3,0,0,5,246,0,4,0,7,38,7,33,0,0,27,14,133,0,3,7,1,1,82,0,29,0,25,1,2842,9,8,10,1,25,7,21,0,1,38,81,12,8,0,11,6,13,47,0,158,87,0,4,2,0,15,0,2,34,0,36,37,156,0,0,12,0,18,1,12,6,13,0,3,0,11,5,11,6,3,0,0,3,35,13,1,46,0,0,11,2,12,5,0,0,0,5,14,27,6,0,1,5,4,0,0,0,19,11,0,1,0,17,157,12,1,0,6,5,10,0,0,4,0,57,32,198,82,36,0,144,0,124,11,19,4,0,0,2,25,79,3,4,10,6,0,76,14,56,0,11,6,19,2,0,0,1,41,45,4,0,2,1,19,0,0,18,14,14,0,0,0,14,12,25,2,0,6,1,4,6,4,1,0,0,8,2,27,8,5,59,47,0,28,11,0,0,32,11,0,1,1
42,"WD4",28439,0,6,4191,0,96,0,14,1,3,31,0,56,0,0,69,0,25,120,3,38,470,0,79,31,0,17,439,2,0,0,40,3,347,0,0,1,0,1,0,3,463,25,3,7,0,0,0,1,0,2,0,66,0,1,0,56,0,11,3,0,7,3,1,1,0,0,2621,0,42,13,191,9,1,1,417,0,9,0,0,2,1,46,131,18,0,23,4,48,71,6,585,877,1,0,143,25,0,3,0,0,448,2,16,27,130,65,4,0,741,313,1,0,14,0,6,1,23,1,25,2,17,0,1,0,4,8,2,0,10,3,0,0,0,8,16,1,0,44,0,0,41,0,1,23,22,5,13,16,17,9,10,306,15,16,1,15,1,0,71,0,0,18,0,1,0,3,55,10,16,0,0,5,1,1517,1010,20,6,4,0,5,0,1,0,1,1,0,2,3,0,9,0,2,6,8,0,6,0,8,4,0,0,0,1,0,14,48,2,291,0,1,0,4,345,2,0,6,0,1,0,0,0,25,0,2,0,313,0,16,86,5,0,1,4272,1,1179,233,6,0,0,0,4,0,1,188,145,204,0,920,0,0,13,1,0,0,0,386,0,1,0,3,0,80,554,29,1,0,18,457,1,1,135,50,3,0,0,119,0,0,2,0,17,22,4,0,82,0,65,0,13905,9,3,0,8,7,35,2,2,5,1,73,0,7,2,5,62,15,27,0,2,3,13,0,0,0,2,0,3,20,0,20,2,17,34,1,36,1,30,9,31,2,43,3,29,43,103,6,7,0,10,38,9,1,0,107,74,87,18,1,0,63,0,1,51,0,60,23,116,0,1,20,0,27,0,21,7,17,0,5,0,4,5,21,13,19,0,0,15,1,3,7,181,0,0,9,9,29,12,0,0,0,8,26,33,9,0,1,1,1,0,0,0,15,4,0,0,0,16,186,13,4,35,0,8,9,1,0,1,0,81,27,271,115,55,2,97,0,181,36,13,3,0,0,1,20,26,144,37,26,4,3,144,5,58,0,35,17,32,1,0,2,0,31,15,1,4,2,2,15,0,0,18,19,20,0,0,0,17,3,30,1,0,6,10,4,8,2,0,0,0,6,3,19,12,5,11,54,0,36,4,1,0,14,35,0,0,1
41,"WD4",20120,0,8,2008,0,5,0,1,1,6,193,0,8,0,0,49,2,55,360,6,57,615,0,9,65,2,40,426,0,0,0,147,0,160,0,1,1,0,2,0,4,29,124,5,15,1,0,0,2,0,1,0,60,0,2,0,19,1,3,19,1,32,4,0,3,0,0,3195,0,9,10,26,1,3,1,301,0,11,1,0,0,0,391,93,15,10,17,0,25,38,4,627,681,1,0,1,22,0,1,1,0,71,2,12,16,18,3,1,1,782,117,0,0,3,0,0,0,14,0,21,0,4,2,2,0,4,6,6,0,1,2,0,0,0,13,6,0,0,196,0,0,11,1,1,6,55,22,5,12,1,12,7,274,9,13,0,16,6,1,53,0,0,0,0,1,0,4,5,20,7,1,0,4,1,3315,583,11,149,2,0,2,0,9,0,1,1,0,3,0,0,5,0,0,15,5,2,2,0,3,34,0,1,0,0,0,1,29,2,45,0,0,1,16,228,21,0,73,1,3,0,0,0,21,1,1,11,307,1,2,50,15,0,1,12542,179,316,89,3,1,0,0,1,0,0,304,50,922,1,1935,0,0,10,0,0,4,1,151,2,0,0,1,2,24,266,0,1,1,12,64,8,7,29,231,5,0,0,4,2,0,4,0,28,0,10,2,25,0,76,0,15538,13,0,0,8,1,13,19,0,1,0,134,1,0,2,12,20,3,104,1,3,3,12,2,1,0,0,0,2,365,0,3,1,22,0,0,2,22,20,10,92,2,0,6,1,42,282,10,3,0,2,13,0,73,0,7,110,2,9,1,0,57,3,2,20,0,35,16,25,2,1,2,0,53,5,59,15,16,0,9,1,3,20,28,31,33,0,0,2,1,8,15,65,0,0,0,4,3,8,0,1,1,8,11,51,15,0,1,11,25,0,0,0,21,8,1,0,0,26,338,15,3,0,1,1,5,0,0,1,0,119,87,126,92,97,2,0,2,294,24,1,14,0,0,25,79,5,53,19,9,2,1,58,6,56,0,15,14,9,11,0,7,0,18,36,8,0,0,6,25,4,0,26,11,30,0,0,0,8,2,8,9,0,6,3,24,10,4,0,0,0,9,0,10,12,15,5,40,0,26,2,0,0,16,12,0,0,4
46,"WD4",27252,1,1,3810,2,35,1,27,1,2,41,0,44,0,0,38,0,61,304,2,60,845,0,1,18,0,20,376,2,0,2,96,1,0,0,1,2,0,2,6,1,1086,8,12,5,2,0,3,3,87,0,1,19,0,0,0,79,0,7,6,1,14,5,0,0,0,0,825,0,105,14,51,5,3,0,221,0,5,0,1,3,1,112,62,10,0,26,1,65,109,4,675,614,2,0,58,19,0,0,0,0,217,3,8,22,109,11,42,2,371,170,0,0,10,1,1,0,19,1,12,0,7,1,0,0,2,9,7,0,0,1,0,0,1,2,21,2,0,13,2,0,135,0,4,16,33,18,7,22,15,3,13,265,15,22,1,14,3,0,0,0,0,270,0,22,0,8,14,3,3,5,0,8,2,2748,0,15,5,0,0,5,1,2,1,0,1,1,197,4,0,7,18,0,8,8,0,6,0,28,19,1,1,1,0,0,8,80,1,212,0,7,1,10,431,0,0,75,28,1,0,0,0,11,0,0,0,64,2,15,71,8,1,0,12330,0,85,109,4,0,0,1,0,1,0,46,156,86,1,1738,0,0,17,0,0,0,1,171,0,73,0,7,1,34,477,176,0,0,49,1029,1,7,92,122,2,0,1,27,3,0,0,0,7,34,9,1,79,0,31,2,9899,8,1,0,7,6,23,0,1,2,0,204,1,2,0,9,10,9,13,0,1,2,5,85,0,0,4,0,5,61,1,15,1,17,21,3,28,16,21,5,5,5,4,2,72,76,249,7,5,0,7,9,2,0,0,40,58,12,2,0,0,7,1,4,22,0,27,82,65,0,0,11,1,51,3,50,16,10,0,13,0,5,24,20,16,13,0,0,34,1,8,16,26,0,0,6,3,24,3,0,0,1,7,6,51,13,0,0,1,4,0,0,2,22,11,1,0,0,43,114,11,7,76,2,11,3,0,1,1,0,137,62,115,138,106,1,51,2,86,25,3,13,0,0,5,61,12,4,16,2,17,0,152,1,39,0,15,22,24,5,0,4,0,20,45,0,11,0,8,6,0,0,47,6,5,1,0,0,6,1,37,0,0,3,2,25,10,8,2,0,0,10,3,2,15,12,8,46,0,20,5,0,0,16,15,0,0,0
44,"WD4",30382,0,4,274,0,3,0,1,0,2,99,0,2,0,1,80,0,51,269,6,3,280,0,0,47,1,30,463,0,0,1,73,0,21,0,0,1,0,0,0,2,2,276,3,12,0,0,1,2,0,0,0,43,0,0,0,6,1,4,2,0,6,1,0,1,0,1,2306,0,49,16,21,1,1,0,276,0,7,0,1,3,0,462,105,13,4,21,0,13,46,3,175,1126,2,0,1,36,1,0,2,0,144,0,18,60,29,10,1,1,854,28,1,0,6,0,1,0,7,0,10,1,12,1,1,0,1,13,3,0,1,1,0,0,0,10,1,0,0,419,0,0,10,0,2,5,11,54,7,15,10,8,9,146,16,11,0,15,16,3,32,0,0,0,1,1,0,9,0,12,2,5,0,5,2,5101,118,30,96,2,0,1,0,10,1,3,0,1,0,0,0,0,1,0,4,5,4,1,0,4,24,1,0,1,0,0,7,20,0,55,0,1,1,1,226,6,0,20,0,2,1,0,1,23,0,1,35,151,2,1,2,10,0,1,7266,184,318,74,3,0,0,0,0,0,0,79,120,356,2,1541,0,0,10,0,1,3,2,321,0,1,0,1,2,59,237,2,1,2,18,64,13,6,14,416,1,0,0,0,3,0,1,0,26,0,6,0,27,0,79,1,13738,8,0,0,2,0,18,56,0,3,0,170,1,0,0,12,21,2,87,0,9,1,0,0,0,0,0,0,0,174,0,9,0,20,6,1,0,12,17,10,2,3,1,7,0,37,264,7,9,1,5,4,6,85,0,11,69,1,4,2,0,29,1,1,5,0,19,28,39,0,0,12,0,49,6,46,13,25,0,8,1,2,12,15,21,34,0,0,2,2,10,20,6,0,0,4,5,1,13,0,0,0,11,18,30,14,0,0,7,6,0,0,0,23,4,0,0,0,16,249,5,2,0,2,8,3,0,1,2,0,293,68,142,133,247,2,0,1,240,36,9,3,0,0,2,61,4,0,8,13,0,1,75,6,42,0,34,36,18,13,1,4,1,1,43,1,0,0,3,20,0,0,12,15,16,1,0,1,12,0,1,18,0,9,1,14,14,6,0,0,0,11,2,5,26,15,7,54,1,31,4,0,0,2,1,0,0,0
7,"WD8",10157,0,14,1468,0,127,0,997,1,7,178,0,1,0,1,104,0,7,57,3,17,958,0,158,4,3,133,1877,6,0,0,531,1,0,0,0,1,0,1,60,7,2,741,2,17,1,1,4,2,9,1,1,28,0,1,0,100,2,10,12,0,121,1,0,0,1,1,3694,0,248,20,181,1,3,0,846,0,12,0,10,3,0,569,19,11,0,54,0,75,369,7,1366,2194,0,0,31,61,0,0,2,0,245,0,10,79,16,0,4,1,1516,15,0,7,37,1,0,0,27,1,30,0,15,0,2,0,0,6,11,0,6,3,1,0,0,0,33,0,0,1147,0,1,19,0,3,28,141,104,3,25,8,11,7,359,51,17,2,27,6,0,61,0,0,3,0,0,0,9,0,0,27,7,0,35,0,6997,1,7,519,1,0,17,0,1,1,1,0,0,1,1,40,11,34,2,29,7,2,2,0,3,69,13,0,0,0,0,5,225,1,355,0,0,0,32,646,28,0,105,1,1,0,1,0,5,1,1,0,271,2,5,0,0,0,0,11090,0,914,255,3,0,1,0,6,0,1,1198,249,314,0,5,0,1,15,3,0,0,1,251,0,1,0,5,0,96,786,123,1,0,61,645,8,2,107,3951,0,0,0,23,2,0,6,1,11,0,15,0,589,23,148,0,7555,28,1,1,2,10,11,1,0,4,0,542,0,13,2,0,7,3,11,0,33,0,22,2,0,0,2,0,3,279,0,21,1,30,22,0,1,211,10,11,224,3,22,57,42,143,0,11,3,0,3,1,5,410,0,66,142,1,20,0,0,18,0,5,6,2,109,70,71,1,2,2,0,7,12,1,3,25,0,9,4,6,18,15,9,40,0,0,10,3,2,18,3,0,0,3,16,5,15,0,0,3,2,3,43,28,0,3,12,4,0,1,1,3,0,0,0,0,9,54,13,39,0,3,2,4,0,0,7,6,55,19,86,47,55,3,102,1,51,145,0,2,2,17,2,0,4,0,7,16,10,2,30,3,25,1,6,7,2,15,0,6,10,21,16,1,0,1,4,0,2,0,8,3,8,0,0,0,5,2,6,21,0,3,2,22,2,28,2,0,0,11,4,17,16,5,4,18,0,11,9,9,0,2,6,0,0,12
26,"WD6",19741,0,4,1684,0,31,0,2,0,5,72,0,34,1,0,9,0,29,127,8,32,728,0,13,120,2,37,279,0,0,0,180,0,1,0,3,0,0,2,14,4,3,323,7,5,0,1,3,2,25,1,1,75,0,0,0,43,1,2,10,0,46,3,0,1,0,0,3908,1,0,14,79,0,4,1,36,2,15,1,0,4,0,187,151,14,0,16,1,30,103,4,904,214,0,0,35,11,1,0,0,2,254,0,8,42,8,8,0,1,823,88,0,0,12,1,1,0,23,0,21,3,9,0,2,0,0,6,8,0,5,2,2,0,0,1,15,1,0,504,0,0,120,1,1,16,0,5,20,20,4,5,12,180,11,20,0,16,2,0,109,0,0,44,2,1,0,7,4,0,4,0,0,10,0,2195,0,24,2,33,0,6,0,66,2,1,0,0,5,1,0,7,0,2417,11,6,8,3,1,2,11,1,1,0,1,0,9,78,0,245,0,0,0,0,369,3,0,127,5,0,0,0,0,24,0,0,0,402,0,13,87,1,0,0,7469,2,453,60,4,1,0,0,2,0,2,477,100,185,4,17,0,0,10,0,1,2,0,273,0,3,0,5,3,18,585,46,0,2,4,378,4,4,8,1553,2,0,0,11,1,0,3,0,15,4,12,1,84,0,15,0,20522,14,0,0,3,1,11,0,1,0,2,159,0,15,3,0,12,18,20,0,6,3,13,6,0,1,14,1,1,52,0,14,31,24,1,5,5,18,23,2,3,3,2,1,1,53,0,11,4,0,0,3,6,0,0,58,71,0,2,0,0,9,2,3,5,0,123,57,92,1,0,4,0,9,26,0,14,18,0,6,0,7,22,22,20,18,0,1,10,6,7,13,29,108,0,9,1,13,15,0,0,0,15,18,30,7,0,0,33,3,0,0,1,12,0,0,1,0,22,283,26,4,0,4,4,6,0,0,23,0,76,77,194,90,82,3,37,0,266,17,4,9,1,0,4,0,8,1,8,15,14,1,187,22,105,0,22,9,17,25,0,3,4,14,38,4,1,3,3,1,0,0,24,17,37,0,0,0,5,3,9,23,0,15,2,14,14,7,3,0,0,11,1,17,18,4,7,36,0,29,11,2,0,8,16,0,0,6
51,"WD2",25206,5,9,246,0,59,0,2,1,1,89,0,42,0,1,18,2,58,355,4,6,778,0,0,55,0,50,252,4,0,1,199,0,0,0,0,1,0,1,1,4,1735,1,3,27,1,5,1,4,83,2,1,98,0,0,0,29,1,6,23,0,14,8,0,1,1,1,2638,3,2,13,498,6,5,1,141,0,14,0,2,1,0,136,86,14,0,1,1,185,10,1,693,4,1,0,10,0,1,8,1,1,1091,1,2,17,19,11,4,0,480,16,1,10,21,2,0,0,22,1,25,1,10,1,1,0,10,10,17,0,0,0,1,0,2,96,3,0,0,1,1,1,4,1,0,8,5,28,8,13,0,10,10,142,4,18,3,14,2,0,0,0,0,1,0,10,0,8,4,13,1,1,1,24,0,1517,1,7,634,1,1,6,1,5,1,2,0,0,100,0,2,3,1,0,2,2,0,7,0,25,19,0,0,1,0,0,1,34,2,105,0,1,0,1,102,2,0,28,45,0,1,2,0,14,41,3,0,409,2,0,39,13,0,1,10641,0,110,28,3,0,0,0,1,0,3,2,43,496,1,3358,0,0,10,0,0,1,5,402,2,31,0,2,2,61,505,1,1,2,82,470,4,0,39,107,2,0,0,24,1,0,3,0,18,34,11,1,28,0,53,0,13415,7,0,0,7,0,10,0,0,1,0,67,1,1,2,14,21,103,24,0,0,4,3,1,0,0,1,0,2,8,0,13,0,23,2,1,19,23,10,0,1076,2,8,0,2,37,328,4,9,0,1,4,4,35,0,83,103,3,1,0,0,8,0,9,2,0,16,10,83,4,7,12,0,93,2,68,17,14,0,9,15,1,17,18,22,0,0,0,14,20,5,10,2,0,0,11,4,2,12,0,1,6,13,15,27,4,0,17,1,19,0,0,0,33,5,1,1,0,25,213,22,3,93,7,8,6,0,0,0,4,57,62,101,120,53,4,53,0,194,9,20,6,0,0,10,89,5,0,0,4,11,0,179,8,57,0,22,14,14,1,0,3,0,2,49,4,27,2,6,24,8,0,28,11,14,0,0,0,7,19,4,0,0,11,5,22,11,8,2,0,0,4,1,5,9,16,36,49,3,23,10,1,0,1,2,0,0,0
50,"WD2",27107,2,6,1183,0,30,0,1,0,5,47,0,38,15,0,22,1,63,374,5,37,804,1,0,69,0,30,211,0,0,4,109,0,0,0,2,1,0,1,12,5,1692,3,2,12,0,5,0,1,36,1,0,103,0,0,0,15,1,5,13,0,1,4,0,1,0,1,1933,2,25,13,118,1,1,1,97,0,11,0,0,3,1,44,100,16,2,5,0,17,26,4,429,4,2,0,25,0,0,3,1,4,99,1,2,16,16,13,0,3,311,56,0,0,6,1,0,2,9,0,20,0,5,0,0,0,2,16,15,0,0,0,0,0,0,53,2,0,0,1,0,0,0,0,1,2,12,24,13,17,0,10,14,79,6,20,1,18,1,0,0,0,0,1,1,3,0,8,3,12,1,2,1,8,0,980,1,7,6,1,1,4,0,13,2,0,0,0,21,0,0,4,4,0,7,5,0,2,0,3,10,0,0,0,0,0,1,20,0,50,0,1,1,1,72,2,0,14,14,0,1,1,0,19,1,1,10,274,5,1,19,17,0,1,9246,1,182,42,0,0,0,0,1,0,0,1,28,214,1,2791,0,0,9,0,0,0,0,432,0,9,0,2,1,7,211,1,0,1,8,127,0,1,6,38,0,0,1,6,2,0,0,1,26,41,7,1,15,0,27,0,19460,12,1,0,9,0,8,6,0,0,1,91,1,1,3,26,11,37,21,0,0,5,4,0,0,0,3,0,1,45,0,7,1,15,0,7,7,21,6,1,311,1,7,0,0,16,352,7,7,0,0,4,5,19,0,70,76,7,1,0,0,13,2,3,11,1,11,11,42,0,0,2,0,82,2,76,20,6,0,3,0,3,19,10,15,0,0,0,5,7,7,3,7,0,0,5,2,3,6,1,0,0,12,14,16,1,0,6,0,9,0,0,1,34,12,0,0,0,49,217,21,0,97,10,8,4,0,0,0,0,68,88,104,107,29,5,39,2,191,5,2,9,0,0,2,85,3,0,0,6,6,1,175,4,70,0,14,6,13,1,0,4,0,7,47,5,19,3,2,22,0,0,39,10,22,0,0,0,3,4,6,1,0,14,8,15,18,9,0,0,0,0,0,4,11,19,4,57,2,39,5,0,0,10,1,1,0,0
21,"WD8",20029,1,1,808,2,2,0,19,0,9,82,0,25,1,0,122,1,7,56,8,13,1131,0,1,27,1,30,1806,5,0,0,136,0,0,1,0,1,0,1,84,10,16,397,4,22,0,3,0,1,6,0,1,134,0,0,0,67,0,7,19,0,90,3,2,1,1,0,3284,0,0,20,35,0,6,0,344,0,4,0,1,1,0,667,30,13,1,21,0,10,156,2,772,1821,0,1,1,73,0,2,0,0,309,3,3,36,2,0,1,1,1702,8,0,1,0,0,1,0,14,2,19,0,8,2,0,0,1,8,49,0,35,1,0,0,1,1,7,0,0,614,0,0,11,1,1,12,1,1,9,25,9,8,5,602,17,16,0,16,10,1,18,0,1,0,0,8,0,8,2,1,28,0,0,26,0,7885,0,20,2,2,0,0,1,2,0,0,0,0,1,1,0,4,0,0,21,5,0,8,1,19,19,1,1,0,0,0,6,176,0,190,0,0,1,1,646,26,1,153,1,0,2,0,1,5,0,1,0,250,2,3,107,2,0,2,9331,0,486,70,9,1,1,0,4,0,2,514,136,886,0,428,0,0,4,2,0,0,0,130,0,0,0,6,0,29,543,299,0,0,10,1505,7,4,47,620,1,0,0,42,0,0,0,1,11,0,9,0,79,0,34,0,8799,11,0,0,8,0,6,0,0,9,1,169,0,4,1,2,6,0,21,1,18,2,6,1,0,2,0,0,4,264,0,13,2,20,7,943,4,4,7,11,175,4,12,28,3,110,16,4,6,0,1,0,2,183,0,46,97,0,9,0,0,278,0,1,0,1,133,37,151,2,0,5,0,2,7,3,8,17,0,6,0,9,19,12,11,29,0,0,22,16,2,18,7,0,0,0,9,2,6,0,0,0,4,9,26,16,0,1,6,11,0,0,2,7,0,0,0,0,15,60,10,32,0,1,5,4,0,0,3,0,125,29,76,96,93,2,71,0,66,40,3,2,0,0,4,1,2,0,1,7,18,3,31,2,26,0,13,13,5,4,0,4,2,7,34,4,0,1,6,2,0,0,10,3,9,0,0,0,7,0,4,15,0,2,0,13,3,3,2,1,0,12,0,8,17,4,6,38,0,14,4,1,0,2,2,0,0,4
37,"WD4",32389,1,2,798,0,30,0,0,0,7,76,0,8,0,0,54,0,47,228,1,24,548,0,2,4,0,27,247,2,0,0,118,0,1,0,1,1,0,1,7,3,4,83,4,14,1,0,0,1,1,1,4,86,1,1,0,6,0,5,3,0,12,5,0,2,0,0,1896,0,0,18,6,0,2,0,8,0,7,2,0,10,0,196,67,16,3,10,0,8,20,2,294,283,1,0,33,7,0,0,0,5,17,0,4,24,10,2,1,1,318,23,0,2,8,3,0,0,4,2,11,0,4,1,1,0,0,14,36,0,0,0,7,0,0,4,1,1,9,129,0,0,6,0,1,2,1,19,9,25,0,8,8,74,6,16,8,15,3,2,30,0,0,0,2,0,0,13,1,6,1,2,0,20,3,1236,0,1,2,3,0,4,1,2,0,1,0,0,0,0,2,2,1,0,6,5,1,2,0,8,0,0,0,0,3,0,7,14,1,33,0,0,0,0,114,11,0,190,1,0,2,0,0,23,38,0,0,307,1,0,0,4,1,1,12862,0,151,26,2,0,0,0,5,1,2,86,37,409,1,1243,0,0,6,0,0,3,1,298,0,0,0,4,2,5,181,0,0,2,22,142,1,7,13,137,2,0,0,2,0,0,2,0,20,0,22,0,9,1,41,1,14865,3,1,0,10,1,7,0,3,0,0,102,0,2,0,11,8,4,41,0,6,3,3,0,0,1,1,0,2,81,0,7,1,17,2,2,4,23,3,3,15,1,5,2,10,25,179,7,6,0,0,4,1,59,0,19,97,0,1,0,1,13,1,1,1,1,19,29,31,0,0,2,0,36,2,44,20,8,0,7,0,1,27,9,24,9,0,0,6,9,3,9,1,0,0,3,1,4,3,0,0,0,12,10,16,2,0,1,5,10,0,0,1,23,4,0,0,0,34,218,9,5,0,4,13,11,0,0,3,0,93,70,58,149,47,0,37,0,184,1,0,9,0,0,4,51,2,0,4,5,8,1,27,5,60,0,18,14,10,2,0,9,0,6,51,2,0,3,11,9,0,0,19,4,20,0,0,0,3,0,4,4,0,11,3,20,5,2,8,0,0,5,0,4,10,15,0,56,0,31,4,0,0,3,3,0,0,1
38,"WD4",29430,1,0,841,3,37,0,0,0,3,52,0,19,0,1,3,0,23,209,5,24,1273,1,0,35,0,20,239,1,0,1,105,0,0,1,1,0,0,0,1,1,330,74,5,9,1,0,2,4,0,2,4,25,0,1,0,26,1,2,5,0,19,2,1,3,0,2,1239,0,0,17,42,2,1,1,6,1,4,1,0,0,0,125,111,13,6,18,0,47,70,9,1559,1,1,0,83,0,0,1,0,0,104,1,4,20,10,3,1,11,441,54,0,1,9,1,0,2,15,0,11,0,9,0,0,0,0,8,22,0,10,2,5,1,1,4,3,2,15,103,0,0,17,0,1,5,0,1,18,24,0,1,7,216,9,16,10,14,3,0,26,0,0,0,0,0,0,6,2,9,1,0,0,12,2,1953,0,7,12,2,1,4,0,4,0,0,2,0,28,1,0,6,0,0,9,5,1,2,4,9,6,1,2,0,0,1,19,72,0,158,0,0,0,0,154,7,0,221,0,3,0,0,0,21,2,1,0,100,1,0,33,3,1,0,10970,1,176,23,8,0,0,0,6,0,1,124,29,209,2,714,0,0,11,0,0,0,1,108,0,9,0,2,2,7,534,3,0,0,5,297,2,3,47,277,1,1,0,6,1,0,1,0,23,6,6,1,28,0,39,2,16401,16,0,0,10,2,6,0,1,0,1,85,0,3,0,6,2,3,11,1,3,8,7,1,1,0,2,0,4,26,0,11,0,21,11,1,7,30,14,1,590,0,7,0,8,38,132,8,11,0,0,1,1,12,0,15,41,0,7,0,0,9,1,3,4,2,57,52,73,1,0,5,0,33,6,32,9,14,0,11,0,5,21,12,30,0,0,0,12,2,11,14,8,0,0,6,2,7,4,0,0,0,12,18,32,5,0,25,8,5,0,0,8,29,9,0,1,0,61,186,40,3,32,4,6,4,0,0,4,0,100,98,104,135,74,0,57,2,152,26,2,24,0,0,7,31,2,1,1,11,17,1,104,2,69,0,26,17,17,12,0,4,2,5,39,1,3,0,3,4,0,0,51,11,10,1,0,0,6,1,11,5,0,9,3,19,11,4,11,0,0,3,3,3,12,14,5,62,0,33,11,0,1,5,4,0,0,1
11,"Chow8",245,101,37,6,12,7,43,9,34,831,0,654,0,77,4,3837,106,9,80,19,1,1348,9,0,87,294,2,5377,85,0,11,3,5,0,12,13,5,1,49,3,4,569,79,6,0,128,4,2,10,44,181,532,1,96,193,0,19,26,27,10,3,361,28,1029,1,930,376,4429,5,29,17,11,79,827,429,104,0,7,23,4,0,1,797,14,0,26,3,6,9,28,7,291,12,1,0,121,1,0,38,36,37,53,7,8,297,305,29,293,4,18,1,23,11,22,4,40,33,189,14,10,319,23,373,167,0,4,0,3,4,5,4,189,1,7,25,9,0,0,107,11,55,1278,16,6,40,5,25,1,29,0,9,23,7,3,15,0,27,23,31,1,0,7,8,1,4,213,1053,22,11,3,0,0,6,22,1318,1,0,13,27,8,20,4,0,6,146,15,0,9,1,3,10,12,1,19,4,7,146,92,85,1,45,3,83,16,0,68,9,4,195,11,26,24,0,47,12,26,159,9,6,39,4,205,5,4,2934,2,165,3,2,1,18,14,2,4141,109,196,1,1,15,1,1,673,12,1,270,37,2,4,1969,72,38,24,29,0,2,104,34,34,9,0,55,5613,161,185,102,356,10,174,279,32,23,0,4630,17,1,1,40,21,9,5,73,8,25,12,67,7,13,81,31,2478,4,27,128,20,51,3,12,44,1,6,49,41,272,8,1,110,7,6,27,201,9,8,209,22,1,5,3,27,6,1,69,1,15,136,2,29,263,1,1,270,33,47,4,234,0,45,7,9,7,22,1,15,0,4,2,111,136,97,11,92,115,171,65,0,269,2,7175,2675,64,0,1,11,6,8,2,0,0,55,3,1,17,9,19,2,0,7,0,0,79,1,12,0,0,0,2,115,0,13,0,0,0,51,9,32,24,0,1,10,3,1,0,30,0,2,0,3,0,12,44,2,11,0,0,0,0,28,0,15,0,1,3,73,1,0,3,0,0,30,15,1,2,3,1,1,6,0,0,0,1,2,22,0,7,9,12,1,0,0,8,0,0,15,0,1,2,1,1,2,9,0,0,3,0,2,0,0,0,1,1,0,1,0,3,0,6,0,1,3,0,48,6,3,39,1,0,0,0,7,2,1,10,37,0,0,0,0,31
5,"WD8",7583,27,21,568,4,301,0,502,4,364,143,0,16,15,6,239,16,30,135,11,5,1137,7,109,8,66,75,272,40,1,8,310,6,0,29,9,2,5,5,38,16,517,592,9,10,12,12,17,62,22,24,96,21,5,9,1,79,2,17,7,10,107,25,19,152,111,24,4138,4,120,292,253,11,31,107,475,5,22,44,8,216,1,642,62,7,0,44,1,21,46,6,726,1125,3,4,34,35,2,16,38,9,259,33,9,159,124,76,32,11,402,25,6,7,24,13,0,10,67,17,17,57,25,78,20,0,3,7,84,3,7,4,28,13,19,81,31,1,19,906,31,15,565,46,192,25,86,81,17,625,14,9,29,114,21,12,24,32,13,2,23,5,2,178,23,22,57,1244,4,3,15,21,2,70,31,4999,0,5,715,44,0,6,0,8,9,218,7,0,4,3,18,6,7,1,18,5,11,52,0,44,28,18,1,38,20,4,14,169,8,288,2,7,21,11,171,19,6,52,8,7,26,1,91,16,32,64,19,570,173,7,7,18,26,0,7800,4,369,171,9,2,1,2,149,6,1,996,101,309,9,753,10,3,18,2,1,6,86,601,5,9,3,124,96,47,566,89,49,13,45,784,11,3,47,4687,5,2,6,18,62,5,4,13,19,14,770,34,252,23,141,28,11114,20,19,1,3,12,17,28,114,11,45,425,7,52,33,2,39,10,16,53,47,22,8,40,10,1,27,2,34,435,1,15,6,15,78,79,23,223,7,9,30,11,18,35,57,35,37,9,3,8,6,2,14,126,2,70,131,44,41,10,0,87,18,24,1,59,51,1303,321,29,5,5,24,5,28,6,2,8,8,6,9,13,12,24,12,24,4,1,3,5,7,17,1,0,2,7,3,2,14,2,3,2,35,12,37,25,1,1,31,2,5,1,12,8,3,12,21,1,10,113,8,40,5,8,2,3,11,0,21,4,54,20,165,26,42,11,69,11,103,54,4,4,11,2,3,12,0,1,7,5,16,3,59,12,31,5,9,6,2,37,7,4,16,6,8,7,7,6,2,7,0,3,5,4,13,1,0,0,0,9,3,21,5,12,6,11,6,8,0,3,4,23,1,24,16,2,3,22,3,21,6,7,9,1,1,6,2,15
40,"WD4",19487,8,11,1290,0,81,0,2,0,10,98,0,18,4,0,29,0,11,86,3,30,924,0,0,49,0,34,755,2,0,8,95,0,12,0,3,1,0,0,1,5,363,236,4,33,1,1,2,1,28,2,2,212,0,1,0,10,1,9,20,1,16,7,0,1,0,0,2158,4,0,14,47,2,1,0,38,0,13,0,1,2,2,422,53,23,6,11,4,45,228,5,631,369,0,1,9,7,0,2,1,6,208,1,7,71,110,15,2,2,971,9,0,16,24,3,0,2,22,0,46,2,8,1,1,0,1,10,33,1,4,0,10,0,1,60,10,1,22,337,0,1,16,0,0,9,0,48,15,33,1,2,13,334,5,12,22,23,5,7,52,17,1,17,1,3,0,5,5,2,3,6,1,14,0,4169,55,9,7,7,0,10,0,24,3,2,0,0,15,0,0,4,3,30,22,9,2,2,2,22,0,3,0,0,0,0,44,35,0,139,0,0,0,0,226,10,0,247,8,0,2,2,0,8,23,0,3,525,645,1,25,6,0,1,9984,345,169,68,15,0,0,0,1,0,0,279,40,377,5,2160,0,0,7,0,0,0,2,629,1,4,0,3,1,11,377,2,1,54,27,349,4,14,39,419,4,2,0,8,3,0,5,0,26,12,11,0,50,0,86,1,17907,20,2,0,17,6,45,4,1,0,0,167,1,0,2,6,37,29,123,1,6,4,5,51,0,0,0,0,4,277,0,18,0,18,5,8,12,45,5,2,306,4,7,0,21,41,78,12,12,0,6,11,1,101,0,35,122,0,4,1,0,15,1,4,3,0,48,63,135,0,0,2,2,10,2,6,16,36,0,4,1,6,16,12,11,18,0,7,9,7,3,10,4,1,0,4,5,2,2,0,0,0,3,7,17,8,0,6,4,8,0,1,0,27,1,1,0,8,13,45,9,5,17,13,3,9,0,0,0,0,105,70,77,83,52,8,4,0,30,59,3,1,0,0,2,15,1,1,1,6,15,4,47,4,75,0,2,10,3,3,1,5,0,9,35,3,2,4,9,1,0,0,9,5,10,0,0,0,4,6,2,24,0,9,5,17,4,1,6,0,0,6,5,3,16,5,10,44,0,32,8,0,0,6,0,0,0,0
36,"WD6",25420,1,6,4212,1,7,1,1128,0,9,64,0,5,1,0,95,0,30,160,9,84,405,0,0,11,0,65,383,1,0,0,192,2,0,2,1,1,2,0,7,6,7,255,7,16,0,0,1,8,18,0,3,94,0,1,0,15,1,5,2,0,30,0,0,0,0,0,1417,0,64,19,5,1,5,1,59,1,7,2,0,1,0,260,64,10,8,32,0,12,125,4,299,297,1,0,61,12,0,2,0,1,32,0,3,27,16,1,2,0,270,152,0,0,14,1,0,1,11,1,23,0,2,1,1,0,1,6,4,0,4,0,1,0,0,0,7,1,27,436,0,1,11,1,1,6,0,26,8,31,3,5,91,81,21,17,27,15,6,1,42,0,1,1,1,2,0,6,2,0,2,0,0,25,0,1746,0,10,4,3,0,3,0,51,1,0,0,0,1,1,1,3,0,1,38,2,5,5,1,17,10,1,0,1,1,0,6,27,0,52,1,1,1,0,248,8,0,520,8,0,1,1,0,17,1,3,6,222,4,0,11,1,1,0,16415,1,233,81,5,0,0,0,3,0,2,368,45,144,1,12,0,0,6,1,0,1,0,223,3,1,0,5,2,12,208,0,1,3,12,136,5,7,44,1175,0,0,0,14,1,1,15,0,18,0,14,0,47,0,143,0,11274,3,1,0,5,0,7,19,0,0,2,151,1,8,1,0,14,2,39,0,14,5,7,0,0,0,1,0,0,166,0,7,0,12,14,0,3,35,11,2,146,2,2,7,1,39,2,10,10,0,1,5,4,94,0,18,97,0,4,0,0,7,3,2,10,0,28,32,37,0,0,7,0,8,32,1,13,10,0,14,0,4,25,30,19,11,0,0,1,3,3,8,10,0,0,1,9,10,4,0,0,0,13,18,62,11,0,6,49,2,1,0,2,18,0,1,0,0,28,228,4,5,0,1,9,4,0,0,6,0,81,81,129,97,81,1,90,0,199,13,0,9,0,1,11,1,0,1,29,7,1,0,69,4,41,0,19,15,29,30,1,9,0,23,36,1,0,2,8,0,0,0,27,7,18,0,0,0,9,0,25,17,0,6,7,27,5,5,16,0,0,6,0,6,10,21,1,55,0,26,0,4,0,16,21,0,0,2
55,"WD2",22122,1,9,2518,0,196,1,44,0,8,43,0,1,1,0,3,0,26,114,2,46,2161,0,0,241,0,46,664,9,0,0,191,2,0,1,3,2,1,1,11,4,15,1,3,22,0,3,3,2,73,1,2,45,0,0,2,41,1,5,14,0,46,6,0,0,0,0,996,4,0,19,344,12,3,0,324,0,41,0,4,0,0,19,120,23,7,6,7,256,17,1,153,1,3,0,49,0,0,3,0,1,1436,7,5,40,31,43,38,10,199,230,1,25,17,6,0,1,20,0,23,2,13,1,1,0,14,12,65,0,18,0,2,0,1,54,5,0,0,3,0,1,9,0,2,26,0,44,15,29,0,7,12,116,7,18,8,15,0,0,0,0,0,2,0,8,0,45,43,7,41,6,0,24,0,327,1,5,802,4,1,5,1,12,6,127,0,0,241,2,2,4,1,4,20,6,1,3,0,83,2,0,2,1,1,0,5,46,2,93,0,3,0,0,99,6,1,98,24,5,0,0,0,18,17,1,0,1096,5,4,22,13,1,0,2479,2,228,41,2,0,1,0,2,0,2,23,75,581,0,1665,0,0,8,0,0,0,1,460,2,66,0,19,0,11,698,0,0,2,21,563,0,4,31,101,2,0,0,61,1,3,3,0,30,0,10,1,83,0,86,0,21046,5,15,0,4,0,23,0,2,0,1,124,0,2,4,11,43,426,30,0,0,10,16,220,1,1,1,1,3,30,0,33,1,33,27,2687,35,9,8,3,1850,9,20,0,0,30,94,11,5,1,1,5,7,32,0,108,67,2,3,1,0,170,2,10,33,0,27,28,141,2,7,16,1,20,1,17,6,4,0,1,19,22,4,7,17,0,0,0,16,12,6,5,10,0,0,4,11,12,4,0,0,11,1,15,13,3,0,44,1,8,0,1,0,22,28,0,0,0,39,66,7,4,1,1,4,19,0,0,0,10,23,27,305,106,24,3,80,0,32,10,30,7,1,0,3,30,57,5,2,7,15,3,83,33,76,0,24,4,14,1,0,0,0,7,30,11,0,5,1,16,2,0,43,12,10,0,0,0,11,15,12,0,0,6,3,6,8,1,2,0,0,1,0,9,5,5,35,52,0,38,11,0,0,15,8,0,0,1
32,"WD6",22822,1,4,3008,0,10,0,49,1,3,17,0,9,0,2,49,0,27,196,2,69,459,0,0,6,0,8,11,2,0,0,53,0,0,0,1,1,0,1,14,6,5,237,4,1,1,0,1,2,8,2,2,21,1,0,0,19,2,7,4,1,11,2,1,0,1,1,1092,0,43,15,2,1,2,0,37,1,2,0,0,1,0,252,133,6,4,13,0,1,86,4,633,1085,0,1,48,24,0,3,0,1,55,4,6,44,3,1,1,0,211,158,1,0,11,0,0,0,23,1,16,2,4,1,0,0,4,13,2,0,0,1,12,0,2,0,5,0,0,362,1,1,8,0,0,5,0,9,9,19,16,5,7,177,10,25,1,11,5,5,25,1,0,1,2,2,0,9,0,0,0,0,0,9,0,1836,1,10,5,0,0,2,0,6,1,1,0,0,1,0,3,5,1,4208,14,3,2,4,1,15,10,0,0,0,0,1,19,57,1,133,0,0,1,0,266,2,1,191,2,1,1,0,1,17,1,1,0,94,1,2,40,0,0,0,12122,0,383,121,6,0,1,0,3,0,1,202,87,61,0,25,0,0,8,0,0,0,1,304,0,1,0,10,1,13,92,1,2,0,11,169,11,5,29,1276,2,0,1,8,1,0,0,0,27,1,11,1,43,3,137,0,16007,4,6,0,7,3,14,1,3,2,1,189,1,6,0,0,5,4,27,0,5,4,10,1,0,1,1,0,0,211,0,7,24,12,19,2,1,19,13,10,167,0,6,2,12,32,1,6,9,0,2,4,2,0,0,23,43,3,6,0,1,7,2,5,7,2,19,33,41,0,0,12,0,16,42,1,18,7,0,15,0,2,32,31,36,44,0,0,7,0,4,9,23,190,0,0,0,12,2,0,0,0,14,16,53,8,0,5,60,0,0,0,0,30,0,0,0,0,26,193,16,8,0,4,5,1,0,0,11,0,73,130,190,93,99,0,50,0,205,22,1,8,0,0,5,1,3,1,49,17,3,0,355,0,62,0,29,15,15,34,0,5,3,14,28,2,0,3,7,0,0,0,37,5,20,0,0,0,6,0,28,14,0,16,4,27,15,6,7,0,0,7,1,1,18,9,2,49,0,37,2,2,0,22,13,0,0,7
48,"WD4",29428,0,5,1562,0,39,0,0,0,1,46,0,60,2,0,43,0,76,403,2,39,1527,0,102,58,1,30,191,0,0,1,119,4,0,1,0,1,0,0,1,2,396,3,4,6,1,0,2,3,2,0,1,39,0,1,0,25,0,5,5,0,16,2,3,2,0,1,878,0,4,18,105,1,3,1,50,0,5,0,0,2,0,77,113,21,1,18,0,20,24,3,732,3,1,0,14,1,1,2,0,0,105,0,1,24,30,7,8,1,435,84,1,0,2,0,0,0,5,0,18,0,2,1,1,0,2,11,13,0,0,1,0,0,0,18,11,0,0,4,0,0,549,0,1,12,19,20,7,23,1,10,12,413,10,6,0,21,0,1,0,0,1,49,0,6,0,5,14,28,1,8,0,2,1,1567,0,10,311,1,0,3,2,0,0,0,0,0,100,0,0,0,0,2,10,5,2,7,0,16,8,1,3,0,0,0,5,38,1,114,0,1,0,2,96,0,1,118,0,0,1,0,0,28,2,1,2,185,2,13,22,25,0,1,5975,0,78,56,2,1,0,0,2,0,0,2,70,111,1,3316,0,0,18,0,0,0,0,163,0,28,0,2,1,24,395,0,0,1,33,254,2,5,23,160,5,0,0,13,1,0,0,0,35,5,13,1,37,0,22,1,18839,6,0,0,4,0,8,3,0,1,1,124,0,0,3,29,4,1,23,0,0,2,4,35,1,1,63,0,6,34,1,13,5,26,17,1,15,22,4,0,0,3,6,0,1,21,357,9,4,0,0,0,1,1,1,56,72,2,2,0,0,7,2,2,15,0,32,77,41,1,2,4,0,74,2,71,18,15,0,6,5,4,13,8,19,0,0,0,14,2,7,7,12,0,0,3,1,16,5,0,0,4,7,21,18,3,0,0,4,5,0,0,3,14,33,1,0,0,72,117,29,2,25,0,5,9,0,0,2,0,84,68,108,114,96,1,27,0,84,10,1,19,0,0,3,90,7,3,0,3,10,0,119,2,72,0,27,25,26,1,0,4,0,7,43,2,4,0,3,20,1,0,44,9,10,0,0,0,6,7,6,1,0,12,1,16,10,4,3,0,0,4,1,3,12,9,4,68,1,34,9,0,1,8,4,0,1,0
52,"WD2",25730,0,7,841,0,0,0,2,2,5,37,0,36,1,0,17,1,56,356,4,17,1160,0,0,117,0,14,118,0,0,0,90,1,0,2,1,0,0,0,10,2,4,9,7,7,1,0,3,5,15,2,4,148,0,1,1,28,1,5,26,2,0,10,0,0,0,0,1079,0,0,9,108,2,1,0,304,1,15,0,2,2,0,176,130,19,2,20,3,23,20,3,573,3,0,0,7,0,0,5,0,1,325,0,9,78,5,120,0,1,1015,63,0,0,0,1,0,1,15,0,29,0,7,1,1,0,3,12,17,0,0,1,0,0,1,117,5,0,0,13,2,0,19,0,2,12,22,70,19,22,0,7,9,232,9,13,9,27,1,0,0,0,0,2,0,9,0,14,4,34,2,2,0,9,0,1604,0,14,3,1,0,6,0,33,1,3,2,0,106,0,0,3,0,1,9,2,0,3,0,8,22,2,0,0,0,0,5,34,0,112,0,0,1,4,113,4,0,9,4,0,0,4,0,23,0,0,24,506,3,8,0,20,1,0,4919,0,515,22,3,0,0,0,4,0,3,1,185,275,5,5046,0,0,11,0,0,0,0,492,0,29,0,3,2,8,733,0,0,3,45,179,7,4,44,47,3,1,0,22,2,0,3,0,25,0,7,0,1,0,53,0,20403,6,0,0,18,0,19,28,1,0,1,96,0,3,2,36,10,203,47,1,0,6,2,0,0,0,2,2,1,46,0,14,1,22,0,3,1,10,7,2,1007,0,2,0,0,27,395,4,10,0,0,1,2,17,0,132,72,0,5,0,0,11,0,4,17,0,19,29,89,0,0,7,0,99,0,78,14,23,0,2,0,7,10,9,22,0,1,0,7,9,6,6,5,0,0,7,0,5,3,0,0,0,3,17,17,3,0,30,1,5,0,0,2,31,39,0,0,0,36,85,10,1,0,6,3,10,0,0,0,0,80,49,139,110,80,17,56,0,69,19,3,11,0,1,2,109,9,1,2,17,13,1,59,8,86,0,25,11,18,1,1,3,0,6,29,3,0,7,3,24,0,0,30,10,10,0,0,0,3,7,7,0,0,8,6,10,8,4,0,0,0,1,0,1,16,9,12,69,0,26,11,0,0,7,1,0,0,1
6,"WD8",17296,0,1,3177,0,263,0,156,0,2,133,0,4,0,2,139,0,6,68,5,53,1039,0,250,4,0,120,732,6,0,3,492,0,0,1,0,0,0,2,39,18,2316,643,1,24,0,3,2,1,69,1,2,18,1,1,0,82,1,11,7,2,101,5,0,0,0,0,3543,0,114,9,344,6,5,0,553,1,13,1,5,2,0,352,36,5,0,22,1,7,175,1,814,1336,3,0,37,42,0,3,0,1,185,15,6,46,93,5,2,0,72,27,0,6,29,4,3,0,44,2,24,1,11,1,1,0,5,9,1,0,12,0,8,0,0,2,23,0,18,938,0,0,23,1,2,34,50,101,6,12,5,11,12,246,15,14,18,15,3,0,49,0,0,153,0,0,0,12,15,1,14,12,0,99,2,4233,2,0,271,0,0,8,1,6,2,3,1,0,1,2,26,10,13,2,54,4,3,11,1,4,18,4,0,0,0,0,11,215,1,276,0,1,0,15,326,41,0,127,30,7,1,0,0,3,1,0,3,385,0,0,1,1,1,0,9728,0,320,343,2,0,0,0,4,0,2,741,173,175,9,11,0,0,5,1,0,0,0,406,1,0,0,26,2,49,697,64,1,1,35,726,4,2,163,3509,3,0,1,29,5,0,17,0,17,68,17,0,380,1,268,0,9199,19,0,0,9,16,14,3,0,8,3,367,1,4,3,0,21,6,45,1,17,5,15,1,1,1,0,0,10,82,0,21,1,11,44,2,16,191,5,7,1,0,40,44,88,86,0,10,10,0,6,0,4,236,0,49,105,4,2,0,0,46,0,26,6,1,80,38,85,1,1,5,0,1,7,0,6,1,0,0,2,7,19,15,11,23,0,0,7,1,5,14,8,0,0,6,9,4,20,0,0,0,3,11,37,13,0,0,11,4,0,0,0,19,0,0,0,0,10,59,6,23,69,7,4,2,0,1,2,0,74,36,97,82,45,2,121,1,45,37,0,1,0,9,1,1,1,0,1,4,14,0,78,5,36,0,3,5,5,15,0,5,9,17,20,5,19,2,7,0,2,0,1,3,10,0,0,0,1,10,9,23,0,1,3,9,0,19,1,0,0,10,2,10,10,9,2,43,0,10,11,6,0,11,6,0,0,11
43,"WD4",24766,0,11,1271,0,74,0,5,0,8,94,0,1,0,0,96,0,39,232,10,19,568,0,12,47,0,27,669,1,0,0,133,1,50,0,1,1,0,0,10,6,174,164,8,18,0,2,1,3,20,1,0,49,1,1,0,20,1,5,1,0,12,3,0,2,0,1,2264,1,51,15,148,2,1,0,277,0,8,2,0,1,0,290,86,15,10,12,1,27,63,5,351,784,2,0,2,34,1,0,3,0,126,7,23,68,83,31,6,0,665,62,0,5,13,5,0,1,17,1,36,23,5,0,1,0,6,17,2,1,0,0,0,0,0,11,8,0,0,257,0,0,15,0,0,9,39,73,12,15,7,1,20,165,3,18,0,17,4,5,25,0,0,2,2,1,0,8,13,5,1,4,0,4,2,4446,153,15,66,3,0,1,0,4,1,57,0,0,12,0,0,5,6,2,12,6,1,2,1,13,20,1,0,0,0,0,1,29,1,47,0,0,0,5,310,1,0,71,12,2,0,3,0,20,0,1,23,273,1,1,4,9,2,0,10599,241,247,129,5,0,0,0,1,0,0,85,120,155,2,1747,0,0,15,0,0,1,0,215,1,1,0,20,0,108,406,0,0,16,23,148,10,3,39,365,3,1,0,10,0,0,1,0,20,1,13,0,61,0,122,0,14789,14,1,0,6,4,18,28,0,0,1,251,0,4,0,9,25,13,54,2,1,0,3,13,0,1,0,1,6,239,0,25,0,14,15,2,14,8,19,7,85,3,5,2,14,57,180,12,3,0,3,6,2,101,0,36,108,0,14,0,0,15,2,2,11,0,17,18,41,2,0,5,0,32,9,28,8,17,0,7,1,4,26,16,33,27,0,0,8,2,4,15,17,0,0,3,8,5,4,0,0,0,9,20,29,16,0,1,6,3,0,0,1,15,8,0,0,0,21,172,13,9,9,1,6,6,0,0,2,0,172,52,120,91,112,1,1,3,162,38,3,8,0,1,3,49,5,5,8,6,6,2,62,9,63,0,29,34,15,4,0,6,0,8,36,4,4,0,3,9,0,0,12,6,13,0,0,0,3,7,4,14,0,6,1,13,6,1,1,0,0,13,1,9,30,11,7,61,0,40,6,1,0,4,10,0,0,1
27,"WD6",6828,6,5,4096,0,155,0,254,0,4,69,0,1,1,2,7,0,18,59,8,53,1724,0,1,106,1,78,1397,13,0,0,324,1,0,0,1,2,0,1,31,11,4,394,6,16,1,4,4,1,447,2,3,19,0,1,1,44,0,9,54,0,141,10,0,0,0,1,2532,0,0,17,250,2,0,1,377,0,40,1,1,1,1,155,47,12,0,55,6,144,57,4,1284,919,0,0,440,30,0,9,1,2,689,23,8,31,24,4,10,12,337,73,0,0,20,3,2,0,39,0,38,0,20,1,0,0,10,4,68,1,11,2,13,1,0,0,14,0,0,531,0,0,13,1,0,37,3,2,10,24,3,4,6,240,36,22,1,14,3,0,59,0,1,0,0,8,0,17,32,0,0,0,2,13,0,2728,0,8,178,64,1,4,1,1,2,1,0,0,30,2,0,11,0,6891,69,12,4,3,0,49,9,0,0,0,0,2,8,130,3,394,0,1,1,0,524,14,0,434,163,0,1,0,0,6,1,0,0,652,1,9,147,8,1,2,7938,0,509,128,14,0,0,0,6,0,1,1338,101,1254,1,833,0,1,9,1,0,2,0,937,3,31,0,51,1,84,828,12,1,0,8,817,4,4,45,1628,0,1,0,40,2,0,8,1,12,0,9,0,368,0,303,0,13029,19,15,1,13,0,8,0,1,1,5,79,0,15,0,4,17,118,18,7,6,12,33,496,0,0,0,0,15,51,0,48,0,26,22,1198,49,60,11,4,889,2,41,6,0,93,38,12,7,0,4,5,4,0,0,180,22,5,10,1,0,102,1,10,14,1,92,61,214,5,0,2,0,4,6,3,5,11,0,2,2,15,10,15,11,17,0,0,2,16,3,8,26,45,0,3,16,9,6,0,0,0,0,6,40,22,0,11,7,22,0,0,0,10,0,0,20,0,12,56,19,11,0,11,1,5,0,0,4,1,26,27,167,28,17,0,147,0,46,17,9,2,0,0,5,10,16,2,4,5,13,4,118,11,53,0,3,3,5,7,0,9,6,30,11,7,0,11,7,1,0,0,19,6,3,0,0,0,4,7,6,18,0,8,8,15,3,6,7,0,0,7,2,16,7,1,7,16,0,18,9,1,0,9,9,0,0,4
30,"WD6",13066,3,3,4477,2,154,0,23,0,3,89,1,22,0,6,138,0,12,127,10,70,624,0,0,5,3,35,1379,1,0,1,136,0,0,0,1,2,1,0,53,12,3,845,2,9,0,0,0,2,66,0,2,5,0,0,0,72,2,14,22,1,9,3,0,1,0,0,1575,0,130,14,348,0,1,0,74,1,6,0,1,4,0,359,60,9,5,35,0,5,55,4,461,3505,0,0,13,104,0,0,0,1,168,14,10,76,26,20,2,0,930,99,0,0,28,1,0,0,35,1,15,29,9,0,1,0,0,7,7,0,11,0,15,0,0,3,26,0,4,1364,0,1,68,0,1,33,0,35,8,23,19,2,22,442,26,25,6,21,10,0,30,0,0,172,1,9,0,10,20,1,4,4,0,16,1,3667,0,18,2,0,0,2,0,18,4,0,0,0,0,0,5,6,0,4941,25,9,1,9,0,3,12,2,1,0,0,1,21,87,1,206,0,0,0,0,265,3,1,322,15,0,0,1,0,11,0,0,0,187,2,14,127,2,0,1,9280,1,844,130,16,0,0,0,5,0,0,881,238,417,6,741,0,0,14,0,0,0,0,423,2,0,0,45,3,90,381,0,0,1,10,456,8,5,72,969,5,0,0,29,2,0,3,0,18,0,5,0,213,1,183,3,11836,10,1,0,4,9,13,0,1,17,1,673,1,0,1,4,10,52,45,0,22,15,31,81,1,2,2,0,7,70,1,27,121,24,92,1,27,21,4,22,1,1,40,6,61,36,65,8,5,0,5,3,4,1,0,81,73,1,12,0,0,10,0,10,6,0,83,203,150,2,0,10,0,9,12,10,7,13,0,9,0,10,17,40,21,85,0,0,11,4,9,17,24,131,0,4,28,9,4,0,0,0,11,13,64,38,0,0,14,11,0,0,4,14,0,1,0,0,18,74,3,13,0,5,5,3,0,0,3,0,84,31,213,64,73,1,55,1,82,40,3,4,0,0,6,14,5,0,35,21,10,4,196,9,45,0,16,9,15,10,1,2,2,35,21,1,0,0,4,2,0,0,9,8,5,0,0,0,6,7,25,31,0,9,6,24,13,3,7,0,1,11,3,12,13,7,7,30,0,22,2,3,0,17,9,0,0,1
56,"WD2",19868,3,2,817,0,18,0,4,0,6,30,0,115,2,0,9,0,21,152,10,28,2414,0,0,107,0,23,240,1,0,0,84,0,0,1,1,1,0,1,13,6,7,3,4,17,1,0,2,1,16,0,2,592,0,2,0,21,0,1,4,0,17,4,0,2,0,0,2973,0,9,16,26,0,3,0,84,1,40,0,2,3,0,108,108,32,4,4,2,42,7,8,251,7,0,0,24,0,1,3,0,7,170,0,1,13,6,29,0,0,221,24,1,3,11,1,0,0,8,0,39,0,7,0,2,0,1,6,39,0,0,1,14,0,1,153,0,3,0,4,0,0,65,0,1,3,0,35,20,21,0,12,10,60,5,23,0,18,0,0,0,0,1,1,1,5,0,7,3,59,10,5,0,15,0,285,0,7,50,3,0,17,2,8,0,1,0,0,16,0,0,2,0,0,7,6,0,2,1,3,4,1,0,1,0,0,3,7,6,63,0,1,0,0,71,2,0,57,6,0,2,3,0,49,3,1,6,1202,2,4,4,27,0,1,2034,1,95,30,2,0,0,0,3,0,2,2,12,371,0,4398,0,0,4,0,1,1,0,166,0,10,0,0,1,4,409,0,0,0,24,68,2,12,3,205,2,2,0,14,0,0,2,0,48,0,8,1,11,0,18,0,28493,7,2,0,18,0,2,5,2,0,0,54,0,0,2,53,27,55,56,2,0,4,2,12,0,0,16,0,1,27,0,6,2,19,4,3511,2,11,4,0,3,3,3,0,4,6,179,11,7,0,0,1,1,29,0,81,143,7,2,0,0,47,0,6,5,0,12,71,47,2,0,4,0,18,1,28,8,10,0,0,0,1,3,4,11,0,0,0,4,15,6,0,8,0,0,8,0,2,9,0,0,2,1,14,3,1,0,1,3,6,0,0,2,30,57,0,0,0,44,82,7,0,1,4,8,20,0,1,0,0,21,32,80,81,33,11,34,1,72,10,2,10,0,0,3,56,5,0,0,10,4,0,47,20,91,0,12,2,10,1,0,0,1,4,48,21,0,1,2,42,0,0,23,14,12,0,0,1,6,2,2,1,0,26,1,4,9,0,2,0,0,0,0,6,8,3,11,39,1,58,7,0,0,10,2,0,0,0
16,"WD8",14615,0,9,4177,1,59,10,10,0,27,131,2,21,1,0,103,2,3,46,8,54,1251,3,153,109,3,76,256,12,0,2,308,0,0,1,0,0,0,1,64,7,6,574,6,18,0,2,3,70,6,18,4,16,5,0,0,80,1,9,8,0,103,22,0,1,24,12,3211,0,0,13,127,3,5,22,24,0,9,5,3,2,1,329,32,16,46,23,0,39,100,4,692,1760,0,0,200,62,1,5,0,2,193,17,3,28,103,20,12,2,1543,43,0,4,19,6,5,0,18,2,33,8,21,4,5,0,7,11,46,0,1,1,18,0,1,1,15,0,37,871,1,5,138,1,2,22,71,124,8,23,4,7,8,446,12,16,31,18,5,1,135,0,3,2,1,0,4,55,96,0,10,4,0,27,0,3770,0,14,6,2,0,6,0,1,10,3,1,50,15,0,20,8,40,5819,41,4,2,4,5,5,21,2,0,0,0,0,0,71,1,270,2,1,0,18,457,21,0,71,5,1,2,0,0,7,11,4,15,318,0,3,0,2,2,0,8363,1,766,77,5,2,0,1,14,0,0,409,165,1023,0,52,5,0,20,2,61,0,1,285,1,18,0,28,39,64,617,56,7,14,31,646,7,9,69,2379,0,0,0,68,2,1,7,1,21,1,9,2,114,0,203,6,9049,27,5,17,2,0,14,26,0,8,2,118,1,7,3,0,122,15,29,0,38,6,16,312,0,0,4,0,11,218,0,33,1,17,51,0,20,30,4,13,626,8,19,25,8,91,5,5,7,0,6,17,2,2,0,128,133,4,5,1,1,121,20,5,0,2,64,329,171,4,0,11,4,2,10,0,1,19,2,3,0,16,13,18,6,28,0,1,6,42,2,6,0,91,0,2,8,9,6,0,0,0,7,10,37,23,0,5,7,15,0,0,0,14,0,1,0,0,12,70,7,16,0,0,4,0,1,0,7,0,61,23,102,56,26,2,120,1,33,41,0,2,2,0,3,0,5,1,10,14,10,2,126,6,40,0,8,5,8,10,1,7,6,32,14,1,0,2,7,0,0,0,7,5,10,0,0,0,3,3,8,21,0,6,4,18,1,3,0,0,1,10,1,14,6,5,4,23,0,9,9,9,1,8,5,0,0,8
47,"WD4",16804,3,12,1749,0,73,1,14,0,8,36,0,38,1,0,95,0,77,416,3,34,557,1,573,68,0,27,451,5,0,0,103,3,0,1,2,0,1,1,10,1,1088,0,4,7,0,0,3,0,49,0,3,21,0,1,0,74,1,5,6,1,23,9,0,0,0,2,1541,0,29,18,100,12,5,0,29,0,4,2,0,0,0,64,172,21,4,17,0,72,28,6,655,649,0,0,26,28,0,9,0,0,410,6,7,39,238,24,21,1,518,146,0,1,8,2,1,1,10,1,22,1,2,1,0,0,3,7,12,1,2,1,1,0,0,7,8,2,0,0,0,1,365,0,2,17,8,55,15,24,19,7,11,296,10,25,1,23,4,1,0,0,1,19,1,12,0,10,56,14,1,1,0,8,1,2271,0,13,3,1,0,2,0,3,1,1,1,0,104,1,0,1,4,1,11,5,0,6,36,18,3,0,2,0,0,0,14,31,0,130,0,1,0,2,94,0,0,53,14,0,1,0,0,23,5,1,0,170,1,46,0,12,0,2,10944,0,612,159,1,1,0,0,3,0,0,918,183,68,0,1748,0,1,27,1,1,0,1,53,0,36,0,16,2,35,449,29,0,2,21,611,2,0,21,108,5,0,0,42,0,0,0,0,25,33,7,2,46,0,39,0,22091,4,4,0,1,3,12,0,2,0,1,140,0,39,0,11,16,10,11,0,0,6,1,38,0,0,32,0,4,52,5,15,96,25,4,4,21,15,0,21,2,2,9,0,20,15,317,4,15,0,6,4,5,0,0,140,70,1,3,0,0,17,1,2,3,0,24,52,93,0,0,11,0,74,2,69,17,9,1,18,0,3,22,42,32,26,0,0,18,1,8,22,12,0,0,6,6,15,3,0,0,0,13,24,50,14,0,0,2,1,0,0,0,3,10,0,0,1,35,226,18,2,44,0,7,7,0,0,0,0,89,117,283,69,77,1,41,1,225,4,5,17,0,0,7,96,24,4,20,22,16,2,161,5,83,0,18,18,13,1,2,5,0,12,31,1,13,1,3,24,0,0,33,11,27,0,0,0,8,3,8,1,0,9,0,13,12,16,3,0,0,9,7,7,15,9,9,41,0,41,8,0,0,10,6,0,0,1
24,"WD8",17685,0,1,3531,0,2,0,13,0,6,117,0,18,0,2,77,1,4,55,13,47,1189,2,0,13,0,36,1089,5,0,0,190,1,0,0,1,1,0,0,137,4,201,616,1,27,0,1,1,2,1,1,1,77,0,0,1,51,0,4,35,0,71,5,0,0,0,0,2391,0,1,14,112,0,5,1,442,1,39,1,0,1,0,209,32,10,0,27,1,21,76,8,1548,1057,1,0,82,40,0,0,0,0,300,18,3,12,4,7,1,6,320,27,0,0,3,0,0,0,16,0,31,0,8,2,0,0,2,12,101,0,73,1,1,0,0,1,19,2,0,878,0,0,15,0,1,23,0,2,5,20,4,5,5,551,14,17,0,23,2,0,76,0,0,2,3,3,0,10,31,2,121,0,0,33,0,4442,3,2,4,7,0,1,0,0,1,0,0,0,17,2,0,7,0,3,27,8,0,8,0,26,22,1,0,0,1,0,14,140,0,231,1,0,0,0,388,64,0,347,1,1,3,0,0,4,242,1,0,1040,2,4,162,2,0,0,7835,2,533,112,9,0,0,0,2,0,0,628,91,1483,1,1096,0,1,18,0,0,0,2,886,0,4,0,34,0,23,716,116,0,2,5,927,0,8,115,456,1,0,1,92,1,1,1,0,11,8,12,1,336,0,39,0,11116,13,2,0,9,4,10,0,1,4,2,212,0,6,2,0,6,0,12,0,9,7,15,36,0,1,1,0,22,154,0,6,1,18,55,1874,14,2,5,8,353,1,79,16,13,86,44,13,7,0,1,1,0,87,0,84,75,6,2,0,1,637,0,11,8,1,57,29,237,1,0,7,0,9,3,7,5,4,0,6,0,14,15,20,4,17,0,0,12,19,8,8,9,0,0,8,7,6,11,0,0,0,4,3,30,16,0,2,1,9,0,0,1,15,1,0,0,0,14,42,16,16,7,6,4,14,0,0,1,0,69,31,124,71,57,0,75,0,36,29,2,4,0,0,6,12,5,0,11,11,14,1,63,9,38,0,4,8,9,2,1,4,2,30,25,2,2,4,5,3,0,0,9,7,3,0,0,0,6,2,14,28,0,6,9,9,4,4,8,0,0,15,1,5,9,7,6,29,0,16,7,1,0,14,9,0,0,4
14,"WD8",15915,4,10,5154,0,126,32,1,2,122,115,1,181,9,1,350,8,5,47,15,49,1135,1,1284,250,12,45,725,18,0,3,145,5,0,2,3,1,0,5,8,10,14,8,6,12,8,0,3,7,4,41,8,66,2,3,0,40,1,6,94,3,49,32,0,8,53,33,4299,0,6,26,31,21,9,1,28,3,46,13,0,15,0,39,51,17,9,13,11,117,45,3,729,88,1,1,54,3,2,6,1,3,553,4,1,82,345,93,71,6,595,62,8,0,3,12,3,1,38,1,29,11,28,20,17,0,14,13,25,0,0,2,24,0,2,44,17,2,0,15,0,2,252,6,6,18,1,119,18,79,2,7,7,433,15,14,0,12,0,4,189,1,3,11,0,5,13,472,195,1,21,1,1,29,7,727,0,8,20,6,0,8,2,4,96,4,0,61,282,1,9,6,1,2455,34,1,2,3,0,56,6,3,0,3,5,1,33,40,1,136,2,5,1,0,317,5,1,36,1,3,3,0,0,4,12,0,0,959,8,18,0,2,4,1,3695,1,583,66,9,0,0,5,28,5,4,5,62,248,2,171,6,6,12,1,37,0,5,1053,6,256,0,10,121,128,570,7,27,37,35,517,1,14,54,2502,1,0,3,137,7,0,19,8,25,0,35,8,129,1,181,2,17008,7,31,0,10,2,39,1,6,1,9,107,7,4,10,1,49,151,45,3,74,33,14,856,2,6,12,0,5,15,1,42,0,15,20,1,48,25,4,2,26,11,26,1,12,88,7,8,9,0,10,12,4,38,1,107,89,21,6,6,2,133,29,13,1,12,54,576,359,25,0,7,12,0,9,0,4,7,0,1,0,7,5,7,5,5,1,0,14,24,4,0,2,56,1,6,3,5,12,0,0,0,4,7,21,3,0,0,3,0,0,0,3,8,1,1,1,0,8,36,11,1,0,13,5,17,0,0,3,0,15,17,177,63,11,25,107,0,19,15,7,2,0,0,0,0,12,3,0,11,15,5,72,23,68,1,8,2,9,6,0,2,9,32,17,2,0,6,0,0,0,1,1,5,4,0,0,0,2,4,11,3,0,6,8,7,2,2,1,0,1,4,3,19,5,4,19,31,1,22,6,5,2,21,6,0,0,10
28,"WD6",14496,12,18,486,2,116,0,79,6,203,131,0,18,2,2,119,10,16,57,7,9,1276,0,1,9,33,54,1620,18,0,7,263,6,0,10,8,1,1,1,7,5,11,470,6,24,9,2,2,43,14,16,83,85,7,3,1,41,1,18,10,7,158,6,5,50,73,27,3127,1,15,36,313,2,24,53,340,1,17,27,5,2,0,395,42,16,1,33,1,13,159,3,650,1439,4,0,11,52,1,4,25,11,124,10,3,90,36,52,21,2,651,6,3,0,39,3,5,6,66,0,26,28,7,54,7,0,2,10,18,1,1,3,22,0,0,6,16,2,0,724,2,14,489,11,71,14,3,115,9,92,3,7,12,356,27,17,0,17,3,1,15,1,11,45,0,22,17,536,2,1,1,3,0,21,16,3315,0,2,128,68,0,10,1,42,1,15,5,0,2,3,12,5,1,3924,43,6,0,10,0,19,16,6,1,3,17,3,16,149,6,189,2,0,9,0,422,22,4,406,5,5,7,2,48,4,20,10,2,543,14,2,3,6,8,0,9409,0,342,56,9,0,0,0,85,1,1,532,151,563,17,1782,19,3,9,3,0,0,14,301,3,0,0,63,55,35,590,68,24,2,12,342,4,11,28,2083,6,0,1,10,26,1,5,3,19,0,50,24,189,0,144,23,11397,18,5,0,10,5,10,5,10,3,10,502,3,37,11,3,51,14,26,16,35,9,13,36,13,2,15,2,4,36,0,21,8,17,32,992,5,48,2,8,23,6,17,3,20,62,39,6,6,4,2,4,7,10,2,33,61,14,21,3,0,19,3,16,1,45,45,798,211,9,0,5,17,5,8,8,8,15,9,3,2,8,17,10,13,28,1,0,1,17,1,11,1,58,0,8,8,0,13,0,0,1,8,7,19,15,1,1,5,5,0,0,6,14,1,0,0,0,11,46,4,7,2,7,4,5,0,0,1,0,45,32,71,65,29,5,106,1,35,40,0,1,0,0,1,8,0,0,0,7,6,0,96,5,38,1,9,3,2,5,0,3,9,4,21,2,0,1,10,2,1,0,2,3,4,0,0,0,2,8,3,16,0,3,3,21,3,3,7,0,2,5,1,11,5,6,5,25,2,14,5,4,2,3,1,0,0,5
15,"WD8",11198,3,11,5996,0,47,1,34,0,26,31,1,17,1,3,221,1,3,57,3,73,396,0,168,51,0,29,1557,10,0,1,101,0,0,0,3,1,0,0,77,3,5,1009,4,4,0,0,6,42,8,8,1,76,1,1,0,55,1,7,7,0,54,6,0,0,10,8,1683,0,6,14,66,2,10,19,117,0,7,1,0,1,0,448,38,9,14,47,0,13,20,4,597,3466,1,0,49,103,2,1,0,0,281,1,10,68,40,7,5,4,1293,55,1,0,27,1,4,2,19,0,71,3,7,4,3,0,3,10,5,1,0,1,6,1,1,0,22,0,28,1504,1,0,112,0,2,8,188,108,6,33,14,5,6,582,27,18,26,17,5,1,77,1,3,2,0,9,4,29,25,0,5,0,0,7,0,2214,0,11,108,0,0,9,0,9,1,2,1,40,12,1,104,3,1,3938,39,10,0,3,0,13,74,13,0,0,0,0,8,18,3,285,0,0,1,56,649,4,2,37,2,2,2,2,0,5,5,3,38,344,3,2,0,0,2,1,11688,1,953,77,8,0,0,0,17,1,1,930,416,95,1,37,3,0,27,1,36,0,2,248,0,3,0,13,25,19,524,57,2,6,48,825,10,2,85,2214,4,0,0,20,2,0,4,2,14,0,8,1,49,0,137,0,10430,35,1,7,27,0,18,47,1,6,0,484,1,9,4,0,35,2,242,1,25,5,8,15,0,0,2,0,1,311,0,38,59,28,18,1,3,18,5,21,17,6,37,47,3,137,2,9,9,0,8,24,1,20,0,31,128,2,13,0,0,58,7,11,5,1,67,217,55,3,0,9,1,2,10,0,5,19,0,4,0,3,17,25,13,50,0,0,4,5,3,7,10,56,0,4,19,4,7,0,0,0,4,10,54,11,0,0,13,0,0,0,4,11,0,0,0,0,4,29,6,12,0,5,4,2,0,1,2,1,27,27,136,56,17,2,115,2,33,89,2,2,0,6,1,0,7,0,21,17,6,0,96,10,50,1,5,2,4,15,0,7,4,44,18,5,0,2,6,0,0,0,4,5,1,0,0,0,5,2,8,36,0,3,2,19,3,4,0,1,1,4,1,3,6,2,4,24,0,17,9,4,1,9,8,0,0,12
33,"WD6",25729,1,7,2314,0,26,0,1,0,6,87,1,3,0,0,255,0,6,67,6,39,247,0,0,5,0,9,1483,2,0,1,17,0,0,1,1,0,0,1,8,19,3,403,1,8,0,0,0,4,62,0,0,177,0,1,0,31,0,17,7,0,0,0,1,1,0,0,2573,0,92,13,38,0,2,0,48,0,5,0,0,2,1,448,42,10,5,12,1,3,344,4,588,4,0,0,23,1,0,0,0,1,94,0,12,100,32,1,1,1,1146,26,1,0,6,0,0,0,26,0,9,37,9,1,1,0,0,10,1,0,0,0,0,0,1,0,9,2,32,586,1,0,14,1,3,27,0,41,14,26,0,9,129,30,8,20,22,18,4,3,7,0,0,1,0,2,1,7,0,0,1,1,0,26,0,3881,1,11,40,1,0,6,1,108,1,0,0,0,0,0,0,6,0,2,19,6,3,3,0,2,7,10,1,1,0,0,17,62,2,80,0,0,0,0,457,1,0,16,21,0,1,0,1,13,1,0,0,233,2,3,19,1,1,0,10123,0,203,101,20,0,0,0,1,0,1,80,126,9,0,11,0,0,19,0,0,1,0,952,2,0,0,2,2,45,529,1,1,5,12,401,9,4,48,1262,4,0,0,12,2,0,6,1,16,1,15,0,55,0,220,0,13390,13,1,1,5,5,32,0,1,0,1,444,1,1,2,0,7,1,36,9,4,1,5,2,0,0,0,0,0,134,0,32,0,27,3,1,3,4,4,1,208,5,2,4,21,61,1,9,8,0,3,10,2,243,1,9,125,0,13,0,0,10,0,19,3,0,34,27,79,0,1,10,0,3,6,0,9,30,1,6,1,1,23,12,12,0,0,0,8,1,3,5,8,0,0,8,13,4,16,0,0,0,4,8,37,14,0,1,1,0,0,0,1,25,0,0,1,0,7,85,12,26,0,24,12,10,0,0,5,0,151,49,114,115,69,1,75,1,60,60,4,1,0,1,0,0,4,0,0,10,15,0,59,9,59,0,13,13,8,12,0,2,4,17,39,2,0,3,6,0,2,0,7,7,7,0,0,0,6,5,7,35,0,2,5,18,1,3,0,0,0,9,1,4,2,14,5,65,1,28,11,3,0,11,8,0,0,3
35,"WD6",18550,0,9,1462,6,17,1,443,0,5,90,0,21,1,0,446,1,10,96,2,31,845,0,0,39,3,64,1585,2,0,0,182,0,0,0,1,0,2,0,53,23,38,238,3,24,1,0,5,1,0,3,3,143,0,0,0,79,0,23,11,1,26,1,1,1,0,1,1922,0,2,19,79,3,5,1,12,0,15,1,0,0,0,455,43,8,1,41,1,14,196,4,968,6,0,0,134,0,0,0,0,1,279,5,3,82,16,1,15,2,377,45,0,0,25,2,0,0,17,1,4,0,11,0,0,0,2,18,7,0,7,2,1,0,0,1,31,1,49,346,0,0,7,0,1,32,1,2,14,27,0,9,89,153,37,18,52,17,7,3,80,0,1,0,0,2,0,11,2,0,1,0,0,37,0,5285,1,5,67,0,0,5,1,7,0,0,0,0,9,0,7,11,0,2,28,2,0,5,0,7,40,17,1,1,0,2,78,276,2,394,0,0,1,0,387,9,0,359,0,0,1,0,0,11,88,1,0,263,1,13,113,0,0,0,12021,0,963,264,23,0,0,1,2,0,1,995,107,261,0,6,0,0,19,2,0,0,0,220,0,7,0,9,1,44,458,185,0,0,34,1399,8,2,128,1298,0,1,0,102,1,0,12,0,28,2,7,0,347,0,88,0,13032,17,0,0,6,17,38,0,0,0,1,107,0,12,2,1,10,6,24,1,1,8,7,5,0,1,0,0,8,330,0,23,0,19,39,1,16,36,3,0,518,0,14,6,100,95,3,11,3,0,4,6,3,113,1,17,67,47,2,0,0,10,0,23,1,0,144,23,157,2,0,9,0,1,20,0,9,4,0,13,2,4,24,13,18,0,0,0,9,3,5,25,3,0,0,8,7,12,4,0,0,0,4,9,51,15,0,11,11,4,0,0,0,21,0,0,0,0,14,98,19,29,1,5,5,4,0,0,3,0,139,53,112,81,106,3,107,0,91,57,3,2,0,3,6,1,3,1,0,20,32,1,58,5,51,0,18,15,12,15,0,9,2,11,31,2,1,1,13,0,1,0,15,6,6,0,0,0,8,1,4,14,0,6,2,28,5,1,11,0,0,14,7,5,22,12,7,35,0,19,15,1,0,11,5,0,0,2
8,"WD8",16874,1,6,4664,0,98,0,433,1,7,83,0,24,2,0,142,1,8,106,9,72,568,0,94,5,0,56,659,3,0,0,232,1,0,3,2,0,0,1,66,13,1485,660,3,13,2,0,3,1,3,2,0,76,0,0,0,59,0,10,13,0,83,2,1,3,0,0,3318,0,43,19,126,0,1,1,522,0,8,0,5,2,0,411,31,10,0,62,0,11,83,5,597,1522,0,0,30,60,0,1,0,0,200,0,11,42,6,0,3,0,1064,62,0,0,23,2,0,0,36,0,27,0,19,0,1,0,3,12,2,0,3,3,3,0,0,1,26,0,0,991,1,0,2,1,2,28,89,102,7,22,9,11,4,447,46,13,1,13,5,0,43,0,1,216,1,0,0,7,0,0,2,12,0,17,1,3028,1,19,343,4,0,3,0,3,1,0,0,0,0,5,47,7,18,2,15,2,4,8,0,3,40,9,1,0,0,0,13,154,2,271,0,0,0,15,562,2,1,55,0,0,0,0,0,6,0,0,0,231,1,2,0,0,2,0,10655,0,314,180,4,0,0,0,0,1,0,1312,145,70,0,12,0,0,6,0,0,0,0,486,1,2,0,9,2,29,477,86,1,0,28,470,10,0,213,4269,2,0,0,27,0,0,14,0,12,60,9,0,200,1,285,1,8943,24,1,0,7,5,16,0,3,8,2,407,0,2,0,0,23,4,58,0,29,3,18,0,0,1,0,0,2,252,0,16,2,20,21,2,0,89,8,8,8,1,25,45,42,152,0,12,4,0,3,5,3,70,0,79,149,2,1,0,0,7,0,5,10,0,74,36,65,1,1,4,0,3,32,0,3,24,0,4,1,5,16,17,6,32,1,0,9,3,3,18,11,0,0,6,6,15,25,0,0,3,3,8,45,10,0,0,23,0,0,0,0,17,0,1,0,0,7,94,13,31,58,7,7,5,0,0,6,2,59,31,97,79,39,2,150,0,78,57,1,2,0,5,0,0,6,2,16,3,9,0,99,9,31,0,11,12,9,27,1,9,10,22,19,4,20,1,4,0,1,0,2,1,13,0,0,0,8,4,13,25,0,5,2,16,3,18,0,0,0,13,4,13,14,5,3,28,0,16,8,10,0,13,19,0,0,13
18,"Chow8",199,37,41,10,11,4,0,2,3,1124,0,110,0,55,20,1802,128,11,71,13,0,2518,1,0,98,41,3,3214,156,0,5,5,37,0,46,122,5,0,10,4,2,14,1,3,1,18,8,8,458,34,34,60,6,70,66,0,9,18,17,7,37,508,0,0,0,364,422,3817,6,0,18,3,14,324,77,16,0,25,115,2,3,2,869,11,7,10,0,27,4,4,8,238,549,4,0,4,20,1,82,8,33,28,191,8,45,1043,114,441,1,15,0,47,20,1,1,33,0,321,1,15,398,3,838,137,0,7,1,2,113,4,169,980,0,115,1,5,0,0,2,27,313,4834,10,2,16,0,23,3,25,5,7,40,14,1,23,3,12,16,13,0,0,38,1,1,1,281,3928,2,8,22,1,5,24,26,2215,0,0,5,1,2,22,5,0,7,47,8,1,2,6,2,20,38,2,22,10,2,53,0,40,6,85,14,4,55,90,17,18,19,79,14,24,5,1,23,17,19,10,11,1,23,8,10,4,600,2,4,520,1,54,6,30,107,2,4392,0,425,168,4,1,2,0,433,9,1,41,251,3,15,3898,56,36,26,22,0,0,4,133,63,0,0,284,1217,185,138,54,108,16,160,84,25,11,0,3279,11,14,3,165,34,4,2,46,4,1,17,213,30,8,36,111,3701,0,21,107,19,17,7,7,36,1,13,23,118,160,2258,1,210,5,6,21,84,17,10,463,19,3,47,7,26,4,536,48,2,33,28,753,7,133,0,3,64,32,21,1,71,0,39,8,5,18,65,2,1,0,0,0,125,166,86,10,113,94,6,47,0,241,2,7937,840,36,0,0,57,6,2,3,1,0,59,4,0,21,11,12,5,7,11,1,0,159,1,10,0,0,0,1,51,0,14,0,0,0,30,13,34,18,0,0,5,9,1,0,16,0,7,1,4,0,4,25,2,11,0,0,0,0,9,0,9,0,1,1,68,1,1,138,17,0,23,11,0,2,9,2,1,5,1,0,0,8,0,15,3,8,21,10,1,0,0,4,0,1,15,0,0,5,0,0,3,3,0,0,2,1,6,0,0,1,0,1,0,0,0,4,0,7,0,4,0,0,28,6,11,19,8,0,2,0,4,6,1,6,28,0,0,0,0,15
20,"Chow8",287,108,45,14,9,8,0,0,6,1596,0,2,0,122,7,1626,141,13,42,6,1,1949,5,0,68,54,4,3293,114,0,10,3,58,0,31,74,3,1,14,4,3,85,1,4,1,122,9,8,2705,90,114,539,2,57,3,0,23,27,13,5,47,622,42,6,1,799,448,4185,12,0,19,1,72,9,119,24,0,20,51,1,2,1,700,15,4,5,4,25,2,6,5,62,199,2,0,36,8,0,74,3,20,45,72,12,19,941,197,403,0,7,0,32,8,7,3,18,1,61,0,11,267,6,451,89,0,1,0,1,74,5,55,1213,2,20,1,7,0,0,0,13,164,6345,14,2,17,3,21,1,26,2,8,97,20,1,26,1,21,11,31,0,0,42,0,0,6,162,2478,0,19,20,1,0,36,49,1967,0,0,62,0,1,16,258,0,3,795,2,3,4,9,1,22,33,1,58,8,6,11,0,39,0,44,61,9,19,13,21,21,14,102,21,16,13,0,19,6,13,10,26,1,18,4,3,2,384,21,10,636,1,72,0,52,41,1,2376,1,443,3,2,0,3,0,712,0,4,132,221,2,8,3563,45,49,25,7,2,0,73,42,71,21,1,130,421,60,139,64,213,525,116,361,18,12,1,4369,13,2,1,12,87,13,6,40,5,5,24,266,24,18,29,203,2473,15,57,192,11,28,7,11,5,2,46,23,29,59,248,2,151,5,13,22,113,171,11,258,27,24,44,0,37,3,26,30,0,22,112,816,6,133,0,2,152,16,50,9,133,1,38,4,6,12,71,1,5,1,0,4,114,96,76,11,89,115,5,81,0,292,11,10145,1114,28,1,0,46,6,2,2,0,0,62,2,0,10,4,4,2,1,13,0,0,180,2,14,0,0,0,4,42,0,21,0,0,1,43,7,17,8,0,2,4,15,1,0,29,0,3,0,4,0,2,14,1,29,1,1,0,0,27,0,16,0,0,0,50,0,3,178,42,0,12,27,0,0,6,1,1,11,0,0,0,6,7,23,2,6,9,9,0,0,0,4,0,0,14,0,1,7,1,0,1,5,1,0,2,1,5,0,0,0,0,0,0,0,0,3,0,2,2,1,0,0,51,5,32,13,4,0,1,0,9,4,0,8,46,0,1,0,0,13
23,"WD8",1969,1,9,3717,0,95,0,29,3,4,80,0,279,0,5,17,0,9,58,2,45,1047,0,0,155,0,36,352,83,0,0,149,2,1,2,2,2,0,1,5,12,2,2,5,8,0,23,12,7,139,2,4,8,0,3,0,16,0,12,235,0,110,14,2,2,2,1,654,4,2,11,56,6,3,0,133,3,49,0,0,0,0,38,101,22,3,3,4,122,17,4,1098,7,1,0,24,0,0,8,1,1,7798,22,4,92,10,9,49,1,481,156,0,70,5,8,0,0,5,0,28,0,9,0,0,1,28,1,163,0,0,0,1,1,1,1,30,2,1,0,1,0,48,0,3,53,1,177,8,18,0,1,12,639,3,17,1,22,0,1,3,67,0,1,2,21,0,30,167,0,182,2,0,34,6,16,0,6,1044,3,0,8,0,6,1,603,0,0,276,4,0,4,0,0,29,8,0,7,0,155,0,0,3,0,0,0,11,114,1,321,0,0,0,0,204,48,0,200,46,0,2,0,0,6,57,5,0,1118,2206,55,0,0,8,1,9645,2,405,80,22,0,1,2,7,0,2,0,109,801,2,9,0,0,21,0,0,0,0,598,1,71,0,40,1,52,822,0,0,1,67,824,0,6,66,796,4,1,1,102,2,0,4,0,24,0,13,1,38,0,255,0,17037,1,28,0,8,0,29,0,1,1,3,241,1,7,2,0,42,35,47,0,1,55,13,2700,0,4,2,0,10,8,0,24,0,19,35,2440,50,3,6,0,4082,14,120,0,2,41,0,13,5,0,5,1,16,0,0,219,37,9,0,3,0,1196,1,16,14,0,133,17,349,14,11,6,0,1,7,0,11,10,0,3,10,19,23,67,13,0,0,0,2,16,2,0,10,0,0,11,9,3,2,0,0,6,3,12,57,0,0,56,8,5,0,0,1,0,0,2,0,1,22,41,14,3,0,5,0,3,0,0,3,6,2,49,379,6,2,34,82,0,17,20,28,6,0,0,13,0,90,2,1,3,6,0,30,34,62,0,1,0,1,2,0,5,0,33,6,4,0,3,2,0,4,0,8,9,3,0,0,0,0,0,9,0,0,3,5,17,9,7,1,0,0,0,0,7,0,1,153,3,0,25,13,1,0,4,9,0,0,5
17,"Chow8",733,58,79,47,12,9,0,4,4,2745,3,1,2,30,36,1037,73,19,104,11,1,1300,6,0,60,346,5,457,74,7,5,9,22,0,19,52,7,0,14,13,5,97,9,10,3,104,6,3,515,97,61,1047,1,82,37,0,9,1,32,7,59,540,19,34,1,722,311,3809,6,85,19,51,10,132,736,22,0,13,264,0,3,0,524,9,9,8,1,14,6,16,7,379,2618,0,0,71,81,0,64,50,106,125,114,10,82,122,508,188,3,18,0,27,5,14,11,15,6,368,2,22,211,14,470,121,0,7,1,7,14,0,7,222,0,4,20,9,0,1,6,0,127,4561,8,0,14,4,34,4,29,17,9,64,27,1,19,0,30,15,7,0,0,102,6,0,20,309,5447,9,13,7,2,0,36,214,1620,1,0,5,1,8,13,0,0,1,7,43,0,1,7,4,8,40,4,34,8,0,11,0,102,0,96,1,0,51,2,32,13,71,70,10,20,17,0,33,2,19,36,34,4,13,6,675,9,262,108,2,358,3,0,2,37,19,1,5572,0,985,3,15,0,7,0,1213,29,0,127,98,29,6,6564,135,38,23,29,0,0,61,81,26,0,0,458,463,64,138,31,360,6,149,165,14,12,3,1210,26,0,10,18,68,13,7,57,6,4,14,282,87,4,64,327,3365,4,53,0,10,22,13,3,3,11,34,32,0,228,5,1,105,0,14,18,116,63,1,238,18,14,44,3,31,15,1,66,54,20,69,666,11,130,0,20,10,34,61,9,97,1,76,14,10,17,9,1,24,1,4,6,106,34,9,13,0,79,2,58,0,549,5,8042,816,15,0,4,85,6,1,8,2,1,113,7,0,12,6,12,5,40,25,0,0,43,3,14,1,1,0,0,8,0,11,0,0,0,52,12,44,13,1,0,4,1,0,0,16,1,2,0,1,0,10,28,1,11,0,1,0,1,7,0,10,0,4,4,82,2,4,63,37,0,22,21,2,2,3,0,3,14,1,0,1,13,5,13,11,6,13,24,1,2,0,1,0,1,1,0,4,1,2,0,0,8,0,0,2,0,2,0,0,1,0,1,0,0,0,4,0,5,1,2,1,0,34,7,3,19,4,0,1,2,4,10,2,3,30,1,0,0,0,9
4,"Chow8",782,31,31,88,3,7,205,76,11,707,2,130,0,31,9,418,113,5,98,20,2,1722,6,1,27,53,5,6129,123,0,5,10,6,0,13,8,0,3,26,2,2,384,63,4,0,2,6,12,1851,59,401,44,1,61,30,0,36,17,12,2,11,458,52,1,0,488,330,7466,5,1,61,3,25,179,722,12,0,15,133,1,16,0,518,16,1,7,0,6,4,10,8,312,135,0,0,66,6,0,31,25,33,98,142,11,41,1117,200,214,4,48,3,20,10,7,12,40,3,43,11,7,253,11,133,99,0,3,0,9,0,3,1,463,0,6,6,51,0,0,82,8,58,3168,1,19,42,3,24,1,104,1,12,9,19,2,20,1,26,15,18,2,0,45,42,2,7,149,1310,4,6,31,3,1,30,3,1428,0,0,16,8,5,13,1,1,7,55,1,1673,8,4,26,14,6,130,14,6,14,103,1,138,0,43,0,39,11,0,26,32,36,93,13,20,13,0,34,14,7,115,25,4,21,7,0,2,266,9,3,283,8,30,0,18,28,4,3652,17,40,164,14,11,3,1,677,6,14,95,15,20,18,1729,103,33,8,16,1617,0,54,21,4,7,0,269,1072,125,298,78,134,324,163,330,18,43,2,5403,6,1,3,2,22,3,6,45,4,21,70,11,11,3,42,230,2822,10,13,306,9,36,8,4,9,3,15,149,8,254,2,0,85,17,9,6,585,114,3,107,31,9,17,4,17,8,1,27,2,24,86,2,4,196,0,5,24,40,27,5,178,1,29,14,12,3,82,1,21,18,5,5,128,153,22,20,2,125,376,37,0,150,4,9268,1712,68,0,0,25,6,9,0,0,0,17,1,0,16,5,7,4,3,4,0,0,70,1,15,0,0,0,3,89,0,23,0,0,0,51,8,26,13,0,0,15,7,0,0,33,2,2,1,2,0,11,47,4,9,2,0,1,0,22,0,21,0,0,4,54,1,1,34,33,0,41,10,1,3,5,0,3,8,0,0,0,0,3,16,14,6,11,5,0,0,0,10,0,0,21,1,4,5,6,0,3,5,0,1,6,0,3,0,1,0,0,0,0,1,1,2,1,4,2,1,2,3,40,5,19,36,4,0,3,2,14,3,1,12,37,0,0,0,0,22
19,"Chow8",266,51,95,6,7,3,0,6,4,2428,0,0,2,73,6,974,330,7,30,14,0,1782,3,0,51,75,4,3350,141,0,3,2,46,0,42,37,4,0,22,2,7,171,0,10,0,84,86,4,2607,81,234,712,0,42,3,0,9,17,28,5,38,282,38,0,1,1265,52,4533,15,9,16,2,277,2,1,35,0,10,351,3,1,1,1587,15,2,35,2,7,7,14,8,204,727,2,0,109,24,0,78,16,44,123,46,4,71,1548,363,351,5,104,0,54,14,4,2,27,11,104,0,13,456,7,1057,2,0,6,0,2,26,1,64,598,0,63,1,3,2,0,1,35,986,2858,25,0,36,1,24,4,37,5,11,16,19,1,26,0,20,21,26,0,0,3,0,1,4,0,2594,4,1,5,0,1,18,15,1558,0,0,16,1,3,29,398,1,33,39,7,613,1,7,19,40,28,2,15,12,3,21,0,240,1,48,97,1,10,27,29,6,32,152,4,20,23,1,26,1,29,13,31,4,38,6,1,2,149,2,9,261,3,23,1,8,46,3,2193,1,760,6,4,11,1,4,654,4,674,117,415,1,4,662,86,93,56,14,1153,0,148,54,93,0,0,101,2185,173,283,78,329,402,197,179,46,1,0,4404,35,16,3,34,60,7,2,66,2,11,16,234,50,22,82,25,2688,10,44,107,6,16,7,8,7,4,82,40,1,151,716,0,215,4,8,98,182,329,1,417,35,44,23,3,98,14,575,93,2,18,172,621,4,81,0,18,15,24,29,7,102,0,11,10,6,20,99,0,11,1,1,1,129,131,46,16,149,83,4,123,0,804,22,6781,1225,46,0,2,29,0,2,0,0,1,29,3,0,22,8,8,4,4,9,0,0,90,1,13,0,0,0,2,58,0,18,0,0,0,18,13,23,12,0,0,4,4,0,0,13,0,0,1,1,0,3,22,0,14,0,0,0,0,13,0,12,0,1,4,50,2,1,150,49,1,15,20,0,2,5,0,0,1,0,0,0,4,0,7,3,8,9,7,0,0,0,1,0,0,13,0,1,0,1,0,1,3,0,0,5,1,1,0,0,0,0,0,0,0,0,1,0,3,0,3,0,0,45,7,11,27,2,0,1,0,5,4,2,8,34,0,0,1,0,22
2,"Chow8",359,19,77,15,5,8,274,32,5,970,1,9,0,86,5,388,87,18,102,18,0,1527,1,1,52,183,3,6984,143,0,21,3,12,0,13,25,2,0,44,12,3,645,28,3,3,230,7,3,439,31,130,69,1,60,78,0,2,21,18,11,10,466,53,2,0,552,491,7747,7,32,16,0,91,385,215,18,2,6,12,4,4,2,649,11,3,33,1,3,3,9,5,322,652,4,0,16,24,0,28,25,71,59,82,29,50,921,15,95,2,10,0,40,18,8,6,26,1,81,27,4,440,18,393,172,0,3,0,5,0,1,1,611,1,1,1,10,1,0,68,9,47,1101,8,6,31,1,33,6,29,3,13,31,26,0,21,0,21,4,24,1,0,60,8,3,37,0,2280,5,15,25,1,1,17,9,1412,0,0,10,72,7,9,1,0,24,52,14,1426,24,0,7,10,1,1,45,4,4,12,0,51,1,39,1,40,4,0,32,12,44,76,8,7,7,0,19,18,0,73,6,2,31,5,0,3,402,2,0,295,3,24,0,23,18,1,5103,1,35,306,24,4,1,3,421,37,15,88,49,5,7,3644,38,75,19,4,1392,2,5,26,24,25,0,136,1585,214,238,79,108,202,142,234,27,32,0,4209,4,0,6,14,30,3,6,3,4,7,12,38,11,4,60,187,3191,8,23,176,10,45,4,0,15,3,7,77,106,67,1,2,145,49,9,15,228,150,8,163,34,22,8,1,31,10,0,48,1,27,56,0,12,213,1,4,64,21,19,3,250,0,51,6,6,2,51,0,38,31,3,10,111,169,19,22,69,107,298,32,0,463,7,7774,1982,7,0,0,44,6,10,7,1,0,45,5,0,20,4,10,3,13,14,0,0,84,1,11,0,0,0,4,83,0,24,0,0,0,52,4,33,17,0,2,9,5,0,0,35,1,4,0,0,0,16,71,7,11,0,0,0,0,11,0,11,0,2,4,64,2,1,531,27,0,48,20,0,2,6,0,1,17,0,0,0,2,2,28,8,7,26,12,0,3,0,14,0,2,9,0,0,8,4,0,2,13,0,1,2,0,9,0,0,0,1,4,0,0,0,2,0,6,0,4,0,0,34,5,17,32,3,0,1,1,3,6,2,13,30,0,0,0,0,19
10,"Chow8",541,166,43,9,3,3,0,2,10,752,0,1104,0,37,0,963,84,21,122,10,0,1002,3,0,87,34,3,6699,67,1,13,3,100,0,24,20,3,2,77,0,1,121,61,5,2,212,1,5,7,11,21,56,1,102,1,0,15,12,17,5,36,491,115,922,2,778,272,3967,2,5,16,7,339,13,197,23,0,5,605,0,3,0,518,12,0,16,0,2,3,8,8,220,1049,30,0,9,35,3,36,46,21,78,4,4,68,40,24,604,5,9,0,35,9,7,1,21,9,42,3,15,314,5,276,66,0,5,0,4,6,1,0,173,3,28,135,3,1,0,90,43,33,7304,3,2,18,2,27,4,38,8,5,31,70,0,23,0,21,16,28,0,0,65,154,0,6,0,2845,6,12,11,1,16,6,8,1079,1,1,15,244,12,11,1,2,8,23,26,0,3,0,274,5,16,2,15,8,5,9,207,79,0,52,2,42,43,0,25,15,77,90,1,38,7,3,38,10,79,176,4,2,25,6,256,3,60,2530,0,220,1,56,0,39,26,5,5643,108,108,93,1,5,2,0,148,99,1,111,10,3,6,2043,68,56,22,35,0,6,74,66,62,6,1,7,135,102,244,50,95,411,21,122,14,21,0,4537,4,30,1,32,30,21,1,65,4,6,26,5,49,9,86,10,2349,3,37,0,7,22,18,1,0,4,4,62,0,385,3,0,124,19,2,6,112,276,6,120,18,49,33,3,10,4,0,59,2,27,122,2,32,82,2,8,342,17,11,1,102,2,59,8,5,2,3,3,7,0,2,1,149,255,50,33,72,88,1419,25,1,875,1,6112,2737,142,0,1,40,7,4,2,0,0,18,8,0,12,8,22,5,10,9,0,0,74,0,6,0,0,0,1,121,0,7,0,0,1,47,5,52,9,0,1,13,5,0,0,31,0,2,0,12,0,5,48,3,15,0,0,0,2,28,0,20,0,2,6,62,2,0,80,0,2,44,14,1,3,0,1,1,12,0,0,0,1,4,30,3,7,10,9,1,0,0,6,0,3,14,1,3,3,2,0,6,6,0,0,1,0,5,0,0,0,0,0,0,1,0,5,2,11,0,4,4,0,38,4,1,36,3,0,0,0,5,6,1,12,22,0,0,0,0,34
3,"Chow8",432,5,48,19,5,22,264,16,6,1255,0,0,0,103,5,3194,68,18,124,17,1,1123,5,0,51,149,3,6153,153,4,13,2,5,0,16,38,4,0,29,12,4,164,87,1,0,96,3,8,32,23,353,71,2,32,13,0,7,22,18,13,26,282,64,0,30,437,525,5102,1,49,55,11,92,54,13,3,8,6,83,2,23,0,463,19,4,27,2,5,4,8,2,296,811,4,0,1,18,3,30,11,28,113,78,19,43,735,527,571,2,62,1,54,16,10,13,80,2,61,11,10,214,12,285,164,0,10,0,9,1,0,3,165,3,4,3,12,2,0,123,3,28,1056,39,17,15,1,32,1,153,10,11,37,33,2,26,1,13,6,30,2,0,12,151,5,29,182,4893,2,8,3,1,6,37,49,1535,1,0,45,26,8,12,1,1,9,10,13,452,9,2,39,13,1,1,20,2,4,29,1,81,2,49,4,43,36,1,40,6,3,96,5,20,7,0,14,7,5,28,6,2,15,6,0,2,150,3,6,188,42,48,1,20,23,11,8388,1,42,112,20,4,11,10,236,6,8,99,16,1,11,2039,56,21,8,1,436,6,79,133,75,6,0,159,1152,58,201,35,307,596,223,286,9,109,0,4446,3,0,18,11,17,2,4,80,8,5,106,102,15,13,50,36,3678,7,21,0,20,44,7,4,21,2,28,85,87,15,35,3,94,68,4,35,851,213,1,418,19,32,10,3,47,62,20,50,1,28,22,0,14,86,0,13,273,37,5,3,207,1,50,9,7,0,43,2,14,32,4,4,108,175,19,28,32,53,252,78,0,171,1,6340,1942,164,0,0,89,13,9,6,7,2,11,4,0,14,22,23,4,13,14,1,0,32,0,8,0,0,0,1,86,0,19,0,0,0,48,12,55,16,0,0,16,1,0,0,29,1,3,0,3,0,6,73,4,7,0,2,0,0,8,0,9,0,3,12,59,0,2,309,50,1,58,12,0,2,0,0,0,8,0,0,0,0,1,28,3,7,17,11,0,0,0,17,0,4,17,0,3,2,1,1,6,7,0,1,4,0,4,0,0,2,0,1,0,1,1,2,2,17,0,1,0,1,25,4,13,25,3,0,0,1,3,4,3,9,31,0,0,0,0,12
1,"Chow8",347,37,48,21,11,6,114,34,6,1013,2,47,0,90,4,182,47,13,128,24,0,1223,5,0,47,55,5,9285,109,2,15,4,4,0,10,66,0,0,54,1,4,577,66,7,0,364,12,5,1299,17,128,103,2,96,10,0,4,15,8,6,16,358,84,0,1,379,298,7783,9,2,23,1,41,53,175,10,1,8,101,6,4,0,687,19,4,56,1,3,3,11,5,160,8,0,0,0,0,0,20,14,53,100,51,28,56,754,102,166,0,12,0,46,12,6,8,4,7,46,11,8,339,17,284,194,0,1,0,4,1,3,2,450,2,9,0,14,0,0,103,22,96,510,11,3,11,8,28,7,13,0,22,18,11,0,20,2,19,10,27,0,0,23,12,1,4,0,2738,2,9,25,0,1,53,6,741,0,1,4,8,23,15,3,0,11,3,26,1791,10,2,32,33,3,15,15,7,3,99,0,94,0,47,1,40,11,0,59,12,80,65,5,9,12,0,9,14,11,84,8,0,33,7,0,5,538,2,0,329,3,68,1,26,42,121,4312,0,24,42,9,2,2,0,1318,36,12,118,27,7,10,4059,44,29,12,7,1762,2,43,13,24,8,0,134,380,77,222,64,332,1150,109,184,26,48,0,3559,21,0,5,30,6,7,8,7,4,21,18,33,17,13,71,301,3625,8,20,242,0,72,7,1,19,0,20,52,22,101,5,2,139,21,2,19,330,135,13,103,20,21,8,2,29,6,2,26,1,23,35,3,4,210,0,0,16,42,6,9,363,0,92,7,12,0,55,2,6,23,3,2,204,199,23,14,153,168,226,19,0,617,2,6916,2139,34,0,0,65,8,7,6,0,1,68,4,0,13,8,10,2,0,5,0,0,55,0,13,0,0,0,2,110,0,32,0,0,0,37,13,21,12,0,0,7,5,0,0,20,0,5,0,1,0,14,73,2,13,0,1,0,0,12,0,8,0,1,4,60,1,1,80,19,0,47,11,0,3,7,0,0,15,0,0,0,1,2,39,7,9,6,8,1,0,0,1,0,2,13,0,0,2,9,0,5,15,0,0,4,1,9,0,0,1,0,0,0,1,0,4,0,9,3,1,4,0,33,7,10,26,4,0,1,2,2,5,3,15,28,0,0,0,0,13
