Liver_lipid,P value,Mean of Control CRISPR,Mean of Osbpl3 CRISPR,Difference,SE of difference,t ratio,df,Gene,Liver_lipid.y,bicor,adj_pval,abs_bicor,Max_abundance,Lipid_class,significant_corr,fold_change
TG 51:5-FA18:2,0.002357,0.004653,0.003235,0.001418,0.0003929,3.608,16,Osbpl3,TG.51.5.FA18.2,0.0909443703016138,0.638221921828746,0.0909443703016138,0.012180198,TG,no,0.69525037610144
TG 50:2-FA14:1,0.002591,0.0299,0.01619,0.01371,0.003848,3.564,16,Osbpl3,TG.50.2.FA14.1,0.839616848762138,1.18083760718082e-12,0.839616848762138,0.069358226,TG,yes,0.541471571906355
CE 22:6,0.002938,0.1238,0.08682,0.03699,0.01056,3.504,16,Osbpl3,CE.22.6,0.843513102810179,7.66487658881354e-13,0.843513102810179,0.172618005,CE,yes,0.701292407108239
TG 56:10-FA18:2,0.003916,0.02784,0.01715,0.01069,0.003174,3.368,16,Osbpl3,TG.56.10.FA18.2,0.771513946964401,7.77298164296431e-10,0.771513946964401,0.047319947,TG,yes,0.616020114942529
TG 54:4-FA18:3,0.004401,0.03052,0.0192,0.01132,0.003418,3.313,16,Osbpl3,TG.54.4.FA18.3,0.818052351230446,1.1655650684772e-11,0.818052351230446,0.075114948,TG,yes,0.629095674967235
TG 51:2-FA18:2,0.004827,0.06862,0.04269,0.02593,0.007932,3.269,16,Osbpl3,TG.51.2.FA18.2,0.838012556751304,1.40786825390244e-12,0.838012556751304,0.111155087,TG,yes,0.622121830370154
TG 52:2-FA18:2,0.004839,0.252,0.1291,0.1228,0.03759,3.268,16,Osbpl3,TG.52.2.FA18.2,0.854891280814752,2.07444561833583e-13,0.854891280814752,1.7886924,TG,yes,0.512301587301587
TG 53:4-FA17:0,0.004916,0.02378,0.01651,0.007265,0.002229,3.26,16,Osbpl3,TG.53.4.FA17.0,0.383919780204269,0.0121191676108271,0.383919780204269,0.042306634,TG,yes,0.694280908326325
TG 52:8-FA16:1,0.005411,0.01892,0.009888,0.009032,0.00281,3.214,16,Osbpl3,TG.52.8.FA16.1,0.852749871530801,2.65892951136922e-13,0.852749871530801,0.093091098,TG,yes,0.52262156448203
PC 17:0_20:4,0.005779,0.07455,0.0634,0.01115,0.003504,3.183,16,Osbpl3,PC.17.0_20.4,-0.0943728992876503,0.604695244411099,0.0943728992876503,0.083546867,PC,no,0.850435949027498
TG 55:3-FA18:2,0.005877,0.0322,0.02022,0.01198,0.003775,3.175,16,Osbpl3,TG.55.3.FA18.2,0.76110995387602,1.7685653203829e-09,0.76110995387602,0.051990186,TG,yes,0.627950310559006
TG 49:0-FA18:0,0.006057,0.009361,0.005862,0.003498,0.001107,3.161,16,Osbpl3,TG.49.0.FA18.0,0.84950065509328,3.86571251620727e-13,0.84950065509328,0.028768427,TG,yes,0.626215147954278
TG 53:3-FA18:2,0.006134,0.2341,0.1474,0.08674,0.0275,3.155,16,Osbpl3,TG.53.3.FA18.2,0.839245612771704,1.22937606737873e-12,0.839245612771704,0.275582723,TG,yes,0.62964545066211
TG 55:1-FA18:1,0.006268,0.05053,0.03332,0.01722,0.005476,3.144,16,Osbpl3,TG.55.1.FA18.1,0.78204851647015,3.24058157171647e-10,0.78204851647015,0.097573267,TG,yes,0.65941025133584
TG 52:4-FA18:0,0.006286,0.01033,0.006673,0.003656,0.001163,3.143,16,Osbpl3,TG.52.4.FA18.0,0.868160455136626,4.20907956412118e-14,0.868160455136626,0.018437915,TG,yes,0.645982575024201
TG 53:3-FA17:0,0.006326,0.2043,0.1307,0.07368,0.02346,3.14,16,Osbpl3,TG.53.3.FA17.0,0.844384216548724,6.94895707366715e-13,0.844384216548724,0.224420723,TG,yes,0.639745472344591
TG 50:1-FA16:1,0.006928,0.1843,0.08716,0.09715,0.03137,3.097,16,Osbpl3,TG.50.1.FA16.1,0.840484049114047,1.07224446539071e-12,0.840484049114047,3.753442221,TG,yes,0.472924579489962
TG 51:0-FA18:0,0.006932,0.01373,0.007999,0.005732,0.001851,3.096,16,Osbpl3,TG.51.0.FA18.0,0.85917634947044,1.24677065670839e-13,0.85917634947044,0.039215516,TG,yes,0.582592862345229
TG 53:2-FA18:2,0.00714,0.01522,0.009274,0.005942,0.001928,3.082,16,Osbpl3,TG.53.2.FA18.2,0.814577750118407,1.64685196864614e-11,0.814577750118407,0.043242316,TG,yes,0.609329829172142
TG 54:4-FA18:0,0.007159,0.06582,0.04332,0.0225,0.007303,3.081,16,Osbpl3,TG.54.4.FA18.0,0.377544280130139,0.0138571064633797,0.377544280130139,0.132082517,TG,yes,0.658158614402917
TG 51:4-FA18:3,0.00716,0.02573,0.01776,0.007973,0.002588,3.081,16,Osbpl3,TG.51.4.FA18.3,0.72494349192347,2.35818376696244e-08,0.72494349192347,0.038239118,TG,yes,0.690244850369219
TG 52:4-FA20:0,0.007426,0.008847,0.005723,0.003124,0.00102,3.063,16,Osbpl3,TG.52.4.FA20.0,0.131962987480977,0.448790218635432,0.131962987480977,0.022396056,TG,no,0.646885950039561
TG 51:3-FA18:2,0.007722,0.3938,0.2619,0.1319,0.04332,3.045,16,Osbpl3,TG.51.3.FA18.2,0.81135258936356,2.25973314322963e-11,0.81135258936356,0.383975755,TG,yes,0.665058405281869
TG 56:8-FA18:1,0.007812,0.05119,0.03448,0.01671,0.005497,3.039,16,Osbpl3,TG.56.8.FA18.1,0.785111558903343,2.49594960354278e-10,0.785111558903343,0.105640044,TG,yes,0.673569056456339
TG 49:3-FA18:2,0.007922,0.06594,0.04533,0.02061,0.006797,3.033,16,Osbpl3,TG.49.3.FA18.2,0.75641949343098,2.53512636423443e-09,0.75641949343098,0.079294208,TG,yes,0.687443130118289
TG 57:2-FA18:1,0.00796,0.06068,0.0402,0.02048,0.006759,3.03,16,Osbpl3,TG.57.2.FA18.1,0.506296944370461,0.000517418190464282,0.506296944370461,0.087846818,TG,yes,0.662491760052736
TG 51:3-FA17:0,0.00798,0.05814,0.0365,0.02164,0.007144,3.029,16,Osbpl3,TG.51.3.FA17.0,0.80929482319379,2.75650083118727e-11,0.80929482319379,0.069401249,TG,yes,0.627794977640179
TG 58:9-FA18:1,0.008285,0.05463,0.03667,0.01796,0.005963,3.011,16,Osbpl3,TG.58.9.FA18.1,0.468182579197806,0.00157696945121829,0.468182579197806,0.095983653,TG,yes,0.67124290682775
TG 54:3-FA18:0,0.008663,0.4537,0.2799,0.1738,0.05814,2.99,16,Osbpl3,TG.54.3.FA18.0,0.859705017699402,1.16912114650677e-13,0.859705017699402,0.883061429,TG,yes,0.616927485122328
TG 55:1-FA16:0,0.008714,0.06954,0.0461,0.02344,0.007846,2.987,16,Osbpl3,TG.55.1.FA16.0,-0.0301646285737234,0.897444506719095,0.0301646285737234,0.220193617,TG,no,0.662927811331608
TG 51:3-FA15:0,0.009108,0.2072,0.1481,0.05905,0.01991,2.966,16,Osbpl3,TG.51.3.FA15.0,0.760996856026822,1.78371129375694e-09,0.760996856026822,0.241011483,TG,yes,0.71476833976834
TG 52:0-FA16:0,0.009134,0.1303,0.06991,0.06042,0.02038,2.964,16,Osbpl3,TG.52.0.FA16.0,0.838475839283825,1.33657592089971e-12,0.838475839283825,0.732444854,TG,yes,0.536531082118189
TG 49:3-FA16:0,0.009181,0.02548,0.01603,0.009449,0.00319,2.962,16,Osbpl3,TG.49.3.FA16.0,0.794498267916765,1.09872393230999e-10,0.794498267916765,0.029098382,TG,yes,0.629120879120879
TG 54:3-FA20:3,0.009212,0.01375,0.009322,0.004433,0.001498,2.96,16,Osbpl3,TG.54.3.FA20.3,0.887981384668862,3.2121114248341e-15,0.887981384668862,0.191673087,TG,yes,0.677963636363636
TG 50:1-FA20:1,0.009274,0.04238,0.02388,0.01849,0.006255,2.957,16,Osbpl3,TG.50.1.FA20.1,0.847161118482973,8.70269610496515e-13,0.847161118482973,0.058970497,TG,yes,0.563473336479471
TG 56:8-FA16:0,0.009347,0.06792,0.04506,0.02286,0.007739,2.953,16,Osbpl3,TG.56.8.FA16.0,-0.00658374914112797,1,0.00658374914112797,0.247399486,TG,no,0.663427561837456
TG 56:5-FA20:1,0.00946,0.03417,0.02327,0.0109,0.003698,2.947,16,Osbpl3,TG.56.5.FA20.1,0.391477468959231,0.0102986367369569,0.391477468959231,0.054933812,TG,yes,0.681006731050629
TG 56:3-FA20:2,0.009501,0.02082,0.01278,0.008036,0.002728,2.945,16,Osbpl3,TG.56.3.FA20.2,0.866367245198647,5.25982446981443e-14,0.866367245198647,0.125511353,TG,yes,0.613832853025936
TG 54:3-FA18:2,0.009657,0.6117,0.3744,0.2373,0.08078,2.938,16,Osbpl3,TG.54.3.FA18.2,0.852458359591978,2.75464673379884e-13,0.852458359591978,1.391288513,TG,yes,0.612064737616479
TG 49:2-FA18:2,0.009741,0.07104,0.04606,0.02498,0.008516,2.933,16,Osbpl3,TG.49.2.FA18.2,0.800867300272951,6.12888579869542e-11,0.800867300272951,0.099207156,TG,yes,0.648367117117117
TG 50:3-FA18:0,0.009748,0.01205,0.007377,0.004673,0.001593,2.933,16,Osbpl3,TG.50.3.FA18.0,0.855370723185681,1.95650474200934e-13,0.855370723185681,0.01921081,TG,yes,0.612199170124481
TG 51:3-FA18:3,0.009842,0.003881,0.00227,0.001611,0.0005502,2.928,16,Osbpl3,TG.51.3.FA18.3,0.77345339763935,6.64304560439773e-10,0.77345339763935,0.008872548,TG,yes,0.584900798763205
TG 52:3-FA20:0,0.009878,0.02672,0.01667,0.01005,0.003433,2.927,16,Osbpl3,TG.52.3.FA20.0,0.840785287868152,1.03623667770094e-12,0.840785287868152,0.038765624,TG,yes,0.623877245508982
TG 55:5-FA18:2,0.009939,0.01447,0.01018,0.004294,0.001469,2.924,16,Osbpl3,TG.55.5.FA18.2,0.124102131805744,0.47969534180379,0.124102131805744,0.041814956,TG,no,0.703524533517623
TG 50:1-FA14:0,0.009949,0.1174,0.06522,0.05222,0.01786,2.923,16,Osbpl3,TG.50.1.FA14.0,0.856252791715376,1.75502275869549e-13,0.856252791715376,0.601579507,TG,yes,0.555536626916525
TG 53:1-FA18:1,0.009985,0.06871,0.03728,0.03143,0.01076,2.921,16,Osbpl3,TG.53.1.FA18.1,0.855402234101221,1.95115439423954e-13,0.855402234101221,0.413779218,TG,yes,0.542570222675011
TG 56:3-FA18:2,0.010063,0.0538,0.03472,0.01907,0.006537,2.918,16,Osbpl3,TG.56.3.FA18.2,0.837647938309462,1.46365428850449e-12,0.837647938309462,0.109268164,TG,yes,0.645353159851301
PC 18:0_22:4,0.010183,0.01364,0.009594,0.004042,0.001346,3.003,13,Osbpl3,PC.18.0_22.4,0.211956644165494,0.365408304955434,0.211956644165494,0.01302337,PC,no,0.703372434017595
TG 52:2-FA20:0,0.010209,0.0305,0.0176,0.0129,0.004431,2.911,16,Osbpl3,TG.52.2.FA20.0,0.816644043053355,1.34138734718745e-11,0.816644043053355,0.064526586,TG,yes,0.577049180327869
TG 53:4-FA18:2,0.01037,0.186,0.1232,0.06286,0.02165,2.903,16,Osbpl3,TG.53.4.FA18.2,0.756786555132335,2.46563135210015e-09,0.756786555132335,0.210623938,TG,yes,0.662365591397849
TG 55:2-FA18:1,0.010374,0.2149,0.1243,0.09065,0.03122,2.903,16,Osbpl3,TG.55.2.FA18.1,0.842189314524243,8.85951939559772e-13,0.842189314524243,0.433680496,TG,yes,0.578408562121917
TG 52:0-FA20:0,0.010567,0.02419,0.01391,0.01028,0.003552,2.894,16,Osbpl3,TG.52.0.FA20.0,0.688821447732844,2.18460437221838e-07,0.688821447732844,0.073856676,TG,yes,0.575031004547334
TG 52:3-FA18:0,0.010787,0.1487,0.08871,0.05995,0.02078,2.884,16,Osbpl3,TG.52.3.FA18.0,0.852470677501269,2.75100979451163e-13,0.852470677501269,0.298502806,TG,yes,0.596570275722932
TG 49:1-FA18:1,0.010813,0.4482,0.2682,0.1799,0.06241,2.883,16,Osbpl3,TG.49.1.FA18.1,0.858743447194962,1.31232603706878e-13,0.858743447194962,0.648006438,TG,yes,0.598393574297189
TG 55:4-FA18:2,0.010915,0.05212,0.03377,0.01835,0.006376,2.879,16,Osbpl3,TG.55.4.FA18.2,0.803972774977011,4.57687552838202e-11,0.803972774977011,0.083716936,TG,yes,0.647927858787414
TG 54:2-FA20:0,0.010957,0.146,0.08957,0.05638,0.0196,2.877,16,Osbpl3,TG.54.2.FA20.0,0.48926111623669,0.000865620063835378,0.48926111623669,0.353445748,TG,yes,0.613493150684931
TG 50:2-FA18:2,0.011024,1.465,0.8562,0.6089,0.2119,2.874,16,Osbpl3,TG.50.2.FA18.2,0.850157631302316,3.58134647330575e-13,0.850157631302316,2.386919289,TG,yes,0.584436860068259
TG 53:1-FA18:0,0.011044,0.03603,0.02141,0.01462,0.005088,2.873,16,Osbpl3,TG.53.1.FA18.0,0.850850542530141,3.31257310666061e-13,0.850850542530141,0.127351984,TG,yes,0.594227033028032
TG 51:4-FA16:1,0.011232,0.07124,0.04551,0.02573,0.008982,2.865,16,Osbpl3,TG.51.4.FA16.1,0.804342131361255,4.421541198353e-11,0.804342131361255,0.085950777,TG,yes,0.638826501965188
TG 50:3-FA14:0,0.011334,0.6968,0.4651,0.2317,0.081,2.86,16,Osbpl3,TG.50.3.FA14.0,0.844731356194008,6.68071000785065e-13,0.844731356194008,0.798372888,TG,yes,0.66747990815155
TG 54:1-FA16:0,0.011497,0.2614,0.1495,0.1119,0.03922,2.854,16,Osbpl3,TG.54.1.FA16.0,0.847366588357472,4.93247633379517e-13,0.847366588357472,0.959655131,TG,yes,0.571920428462127
TG 53:3-FA16:0,0.011532,0.1493,0.09234,0.05696,0.01997,2.852,16,Osbpl3,TG.53.3.FA16.0,0.809777202231722,2.6302860480328e-11,0.809777202231722,0.237432349,TG,yes,0.618486269256531
TG 52:4-FA16:0,0.011724,1.47,0.9898,0.4801,0.1688,2.844,16,Osbpl3,TG.52.4.FA16.0,0.190552360693901,0.25369274679518,0.190552360693901,3.395193086,TG,no,0.673333333333333
TG 52:3-FA16:0,0.011751,12.92,8.035,4.888,1.719,2.843,16,Osbpl3,TG.52.3.FA16.0,0.842783010583588,8.30529937800863e-13,0.842783010583588,17.32498291,TG,yes,0.621904024767802
TG 53:4-FA16:0,0.011904,0.03752,0.02515,0.01237,0.004361,2.837,16,Osbpl3,TG.53.4.FA16.0,0.315629765527911,0.0446182914584639,0.315629765527911,0.063596091,TG,yes,0.670309168443497
TG 49:2-FA18:1,0.011936,0.473,0.2963,0.1767,0.06231,2.835,16,Osbpl3,TG.49.2.FA18.1,0.842729649038075,8.34563537029471e-13,0.842729649038075,0.537998265,TG,yes,0.626427061310782
TG 51:4-FA18:2,0.011984,0.08217,0.05779,0.02438,0.008604,2.833,16,Osbpl3,TG.51.4.FA18.2,0.572038215416896,5.34384311433826e-05,0.572038215416896,0.109554738,TG,yes,0.703298040647438
TG 49:2-FA15:0,0.011993,0.4218,0.2682,0.1536,0.05421,2.833,16,Osbpl3,TG.49.2.FA15.0,0.829696121347147,3.44698199820106e-12,0.829696121347147,0.43754771,TG,yes,0.635846372688478
TG 54:2-FA18:2,0.012026,0.04477,0.02691,0.01786,0.006307,2.832,16,Osbpl3,TG.54.2.FA18.2,0.865062279986608,6.16027931556846e-14,0.865062279986608,0.133397208,TG,yes,0.601072146526692
TG 50:3-FA18:2,0.012096,3.121,1.941,1.18,0.4171,2.829,16,Osbpl3,TG.50.3.FA18.2,0.852302378204546,2.80484194613074e-13,0.852302378204546,3.794646735,TG,yes,0.621916052547261
TG 50:1-FA18:0,0.01214,0.3994,0.2121,0.1873,0.06626,2.827,16,Osbpl3,TG.50.1.FA18.0,0.843304440604654,7.85184376468344e-13,0.843304440604654,1.546422443,TG,yes,0.531046569854782
TG 49:0-FA16:0,0.012268,0.1005,0.05618,0.04433,0.01571,2.822,16,Osbpl3,TG.49.0.FA16.0,0.842724717409004,8.34683823988528e-13,0.842724717409004,0.272105358,TG,yes,0.559004975124378
TG 54:5-FA20:2,0.01229,0.03541,0.02313,0.01228,0.004354,2.821,16,Osbpl3,TG.54.5.FA20.2,0.847746014018355,4.72982795821864e-13,0.847746014018355,0.055656903,TG,yes,0.65320530923468
TG 52:3-FA20:1,0.012309,0.1593,0.09159,0.06767,0.02399,2.821,16,Osbpl3,TG.52.3.FA20.1,0.836717119664949,1.61983707185101e-12,0.836717119664949,0.228770466,TG,yes,0.574952919020716
TG 53:1-FA17:0,0.012362,0.02783,0.01554,0.01229,0.004361,2.818,16,Osbpl3,TG.53.1.FA17.0,0.851401076677399,3.11452833628288e-13,0.851401076677399,0.175157638,TG,yes,0.558390226374416
TG 47:1-FA16:1,0.012464,0.09969,0.05722,0.04247,0.01509,2.814,16,Osbpl3,TG.47.1.FA16.1,0.83271933423087,2.48982150993253e-12,0.83271933423087,0.122719803,TG,yes,0.573979335941418
TG 52:2-FA18:0,0.012614,0.9188,0.5247,0.3942,0.1403,2.809,16,Osbpl3,TG.52.2.FA18.0,0.834398222615094,2.07682960430874e-12,0.834398222615094,2.70461448,TG,yes,0.57107096212451
TG 52:3-FA18:2,0.012619,11.24,7.023,4.22,1.502,2.808,16,Osbpl3,TG.52.3.FA18.2,0.836745865130721,1.61492253677362e-12,0.836745865130721,15.9932345,TG,yes,0.624822064056939
TG 52:2-FA16:1,0.01266,0.8633,0.4663,0.397,0.1414,2.807,16,Osbpl3,TG.52.2.FA16.1,0.833283245233525,2.33963762175299e-12,0.833283245233525,3.945918201,TG,yes,0.540136684814085
TG 57:3-FA18:2,0.012786,0.008522,0.006057,0.002464,0.0008795,2.802,16,Osbpl3,TG.57.3.FA18.2,0.284982819330884,0.0809106415662686,0.284982819330884,0.084785413,TG,no,0.710748650551514
TG 51:2-FA17:0,0.01279,0.4573,0.266,0.1913,0.06826,2.802,16,Osbpl3,TG.51.2.FA17.0,0.841308358064971,9.76940950438481e-13,0.841308358064971,0.615606116,TG,yes,0.581675049201837
TG 54:1-FA20:0,0.01285,0.3232,0.1898,0.1334,0.04765,2.8,16,Osbpl3,TG.54.1.FA20.0,0.797225384546549,8.58457617995707e-11,0.797225384546549,0.737547504,TG,yes,0.587252475247525
TG 54:5-FA18:1,0.01285,0.9119,0.6368,0.2751,0.09825,2.8,16,Osbpl3,TG.54.5.FA18.1,0.41858987354561,0.00557567022444018,0.41858987354561,1.424993805,TG,yes,0.698322184450049
TG 50:4-FA18:3,0.012865,0.1472,0.09841,0.04878,0.01743,2.799,16,Osbpl3,TG.50.4.FA18.3,0.811346701421054,2.26068043023853e-11,0.811346701421054,0.230351016,TG,yes,0.668546195652174
TG 56:3-FA16:0,0.012919,0.04052,0.02644,0.01408,0.005033,2.797,16,Osbpl3,TG.56.3.FA16.0,0.866309993666514,5.30049705663393e-14,0.866309993666514,0.089511684,TG,yes,0.652517275419546
TG 50:2-FA18:0,0.012935,0.1281,0.07182,0.05632,0.02014,2.796,16,Osbpl3,TG.50.2.FA18.0,0.840522903103742,1.06736161623928e-12,0.840522903103742,0.312725231,TG,yes,0.560655737704918
TG 47:0-FA16:0,0.013043,0.104,0.05807,0.04596,0.01646,2.792,16,Osbpl3,TG.47.0.FA16.0,0.850181083017891,3.57531954562912e-13,0.850181083017891,0.16897867,TG,yes,0.558365384615385
TG 49:0-FA17:0,0.013132,0.04562,0.02465,0.02097,0.00752,2.789,16,Osbpl3,TG.49.0.FA17.0,0.842346452921079,8.71060634212889e-13,0.842346452921079,0.09060621,TG,yes,0.540333187198597
TG 49:2-FA14:0,0.013261,0.1,0.06137,0.03863,0.01387,2.784,16,Osbpl3,TG.49.2.FA14.0,0.834397374053587,2.07682960430874e-12,0.834397374053587,0.110199325,TG,yes,0.6137
TG 52:3-FA18:3,0.013262,0.01139,0.007153,0.004236,0.001521,2.784,16,Osbpl3,TG.52.3.FA18.3,0.848024607739478,4.58302262262236e-13,0.848024607739478,0.101525446,TG,yes,0.628007023705004
TG 56:1-FA18:1,0.013274,0.0629,0.04026,0.02264,0.008131,2.784,16,Osbpl3,TG.56.1.FA18.1,0.818079891408975,1.16277749008079e-11,0.818079891408975,0.090421819,TG,yes,0.640063593004769
TG 53:1-FA16:0,0.013364,0.1242,0.06679,0.05737,0.02063,2.781,16,Osbpl3,TG.53.1.FA16.0,0.853839422012115,2.34606787620033e-13,0.853839422012115,0.299893473,TG,yes,0.537761674718196
TG 56:2-FA20:0,0.013426,0.1517,0.09892,0.05279,0.019,2.778,16,Osbpl3,TG.56.2.FA20.0,0.799187274571655,7.15288791461738e-11,0.799187274571655,0.380839352,TG,yes,0.652076466710613
TG 49:1-FA17:0,0.013453,0.1601,0.08926,0.07085,0.02551,2.777,16,Osbpl3,TG.49.1.FA17.0,0.837860660584527,1.43124661961237e-12,0.837860660584527,0.217626941,TG,yes,0.557526545908807
TG 50:3-FA18:3,0.013455,0.06621,0.04202,0.0242,0.008712,2.777,16,Osbpl3,TG.50.3.FA18.3,0.840332123231546,1.09008563254951e-12,0.840332123231546,0.11192373,TG,yes,0.634647334239541
TG 54:4-FA20:1,0.013489,0.1258,0.07771,0.04813,0.01734,2.776,16,Osbpl3,TG.54.4.FA20.1,0.847554747449467,4.83326486736214e-13,0.847554747449467,0.178727439,TG,yes,0.617726550079491
TG 51:4-FA15:0,0.013541,0.02681,0.01998,0.00683,0.002462,2.774,16,Osbpl3,TG.51.4.FA15.0,-0.0440801350570047,0.832377745339238,0.0440801350570047,0.055134953,TG,no,0.745244311823946
TG 52:4-FA18:2,0.01356,3.857,2.561,1.295,0.4669,2.774,16,Osbpl3,TG.52.4.FA18.2,0.484325209992524,0.000999415748424228,0.484325209992524,5.47359315,TG,yes,0.663987555094633
TG 49:2-FA16:0,0.013575,0.4876,0.2832,0.2044,0.07372,2.773,16,Osbpl3,TG.49.2.FA16.0,0.831314165267769,2.89006798789529e-12,0.831314165267769,0.603850247,TG,yes,0.580803937653815
TG 50:0-FA18:0,0.013724,0.1736,0.09258,0.08099,0.02926,2.768,16,Osbpl3,TG.50.0.FA18.0,0.835969148571105,1.75848286890725e-12,0.835969148571105,0.902533645,TG,yes,0.533294930875576
TG 52:2-FA20:1,0.013839,0.6877,0.3754,0.3123,0.113,2.764,16,Osbpl3,TG.52.2.FA20.1,0.84269136531979,8.37799427734768e-13,0.84269136531979,1.106015669,TG,yes,0.545877562890795
TG 50:3-FA16:0,0.013891,3.419,2.076,1.344,0.4865,2.762,16,Osbpl3,TG.50.3.FA16.0,0.844241241569892,7.06053421870762e-13,0.844241241569892,4.311619306,TG,yes,0.607195086282539
TG 49:2-FA16:1,0.01393,0.7189,0.4211,0.2977,0.1079,2.761,16,Osbpl3,TG.49.2.FA16.1,0.83526112602089,1.89699835148834e-12,0.83526112602089,0.87265397,TG,yes,0.585756016135763
CE 20:0,0.013962,0.05067,0.03976,0.01091,0.003955,2.759,16,Osbpl3,CE.20.0,0.450023370242814,0.00256055408915426,0.450023370242814,0.075541505,CE,yes,0.784685218077758
TG 51:1-FA15:0,0.014098,0.02658,0.0169,0.009676,0.003513,2.755,16,Osbpl3,TG.51.1.FA15.0,0.853075514945577,2.56645226393256e-13,0.853075514945577,0.12979244,TG,yes,0.63581640331076
TG 54:4-FA22:1,0.014119,0.01502,0.009628,0.005389,0.001957,2.754,16,Osbpl3,TG.54.4.FA22.1,0.838443360045042,1.34168014876479e-12,0.838443360045042,0.023535751,TG,yes,0.641011984021305
TG 47:1-FA16:0,0.014265,0.1722,0.1004,0.07175,0.0261,2.749,16,Osbpl3,TG.47.1.FA16.0,0.843363282165983,7.80124538660036e-13,0.843363282165983,0.242285593,TG,yes,0.583042973286876
LacCER d18:1/18:1,0.014603,0.005077,0.00315,0.001927,0.0006983,2.76,15,Osbpl3,LacCER.d18.1.18.1,0.841350758683784,4.98661141050974e-12,0.841350758683784,0.00673674,LacCER,yes,0.620445144770534
TG 49:2-FA17:0,0.014641,0.06565,0.03806,0.02759,0.01008,2.736,16,Osbpl3,TG.49.2.FA17.0,0.809074935500942,2.81622650351385e-11,0.809074935500942,0.081813202,TG,yes,0.57974105102818
TG 49:1-FA16:0,0.014816,0.9218,0.5343,0.3875,0.1419,2.731,16,Osbpl3,TG.49.1.FA16.0,0.853662748716993,2.39659714105195e-13,0.853662748716993,1.402006849,TG,yes,0.579626817096984
TG 52:4-FA18:3,0.014838,0.751,0.4938,0.2572,0.09423,2.73,16,Osbpl3,TG.52.4.FA18.3,0.839422796521873,1.20522793530497e-12,0.839422796521873,0.923527219,TG,yes,0.657523302263649
TG 51:0-FA16:0,0.014946,0.02586,0.01651,0.009346,0.003428,2.726,16,Osbpl3,TG.51.0.FA16.0,0.855036350966207,2.03800513605267e-13,0.855036350966207,0.147187303,TG,yes,0.638437741686002
TG 49:3-FA16:1,0.014993,0.1965,0.1196,0.07695,0.02824,2.725,16,Osbpl3,TG.49.3.FA16.1,0.816133123107814,1.41079355475048e-11,0.816133123107814,0.225258751,TG,yes,0.608651399491094
TG 51:2-FA18:1,0.015085,2.983,1.825,1.158,0.4256,2.722,16,Osbpl3,TG.51.2.FA18.1,0.8533632492951,2.48654131125617e-13,0.8533632492951,3.805747544,TG,yes,0.611800201139792
TG 48:2-FA18:2,0.015342,0.2619,0.1655,0.09644,0.03554,2.713,16,Osbpl3,TG.48.2.FA18.2,0.845648563566864,6.02248710041609e-13,0.845648563566864,0.439135259,TG,yes,0.631920580374189
TG 52:4-FA20:3,0.015425,0.2489,0.1622,0.08675,0.032,2.711,16,Osbpl3,TG.52.4.FA20.3,0.858068166304295,1.4211000043964e-13,0.858068166304295,0.370947741,TG,yes,0.65166733627963
TG 51:1-FA18:0,0.015568,0.05328,0.03264,0.02064,0.007628,2.706,16,Osbpl3,TG.51.1.FA18.0,0.8453090284132,6.26004268982557e-13,0.8453090284132,0.156267039,TG,yes,0.612612612612613
TG 49:1-FA15:0,0.015941,0.4662,0.2848,0.1815,0.06734,2.695,16,Osbpl3,TG.49.1.FA15.0,0.858459749563328,1.3547942420212e-13,0.858459749563328,0.701433517,TG,yes,0.610896610896611
TG 47:2-FA14:0,0.016033,0.03245,0.02,0.01245,0.004626,2.692,16,Osbpl3,TG.47.2.FA14.0,0.791428378077241,3.63326359985779e-10,0.791428378077241,0.031198286,TG,yes,0.61633281972265
TG 48:3-FA14:0,0.016033,0.2062,0.135,0.07112,0.02642,2.692,16,Osbpl3,TG.48.3.FA14.0,0.822197674721838,7.60439068519052e-12,0.822197674721838,0.2859106,TG,yes,0.654704170708051
TG 49:1-FA16:1,0.016238,0.09229,0.05217,0.04012,0.01494,2.686,16,Osbpl3,TG.49.1.FA16.1,0.836974181454865,1.57509975856528e-12,0.836974181454865,0.20243033,TG,yes,0.565283345974645
TG 52:1-FA20:0,0.016388,0.08408,0.0504,0.03368,0.01256,2.681,16,Osbpl3,TG.52.1.FA20.0,0.733563461795627,1.31636035307337e-08,0.733563461795627,0.186680196,TG,yes,0.599429115128449
TG 54:1-FA18:1,0.016602,0.2602,0.1579,0.1022,0.03822,2.675,16,Osbpl3,TG.54.1.FA18.1,0.84255801900773,8.49937721883331e-13,0.84255801900773,1.221166646,TG,yes,0.606840891621829
TG 56:4-FA18:2,0.016679,0.2468,0.1574,0.08936,0.03343,2.673,16,Osbpl3,TG.56.4.FA18.2,0.835027521650885,1.94337565210937e-12,0.835027521650885,0.381062193,TG,yes,0.637763371150729
TG 54:4-FA16:1,0.016702,0.2557,0.1578,0.09793,0.03665,2.672,16,Osbpl3,TG.54.4.FA16.1,0.861839464527867,9.03027194247256e-14,0.861839464527867,0.436591948,TG,yes,0.617129448572546
TG 54:5-FA18:2,0.016849,0.7846,0.5578,0.2268,0.08501,2.668,16,Osbpl3,TG.54.5.FA18.2,0.194557908392441,0.242710069325086,0.194557908392441,2.050871627,TG,no,0.710935508539383
TG 52:1-FA20:1,0.016931,0.1527,0.08387,0.06885,0.02583,2.665,16,Osbpl3,TG.52.1.FA20.1,0.838920605526003,1.27384374978445e-12,0.838920605526003,0.391983792,TG,yes,0.549246889325475
TG 56:2-FA16:0,0.017117,0.1524,0.09211,0.06031,0.02267,2.66,16,Osbpl3,TG.56.2.FA16.0,0.804427957665333,4.38723172691544e-11,0.804427957665333,0.261322394,TG,yes,0.604396325459318
TG 51:3-FA16:1,0.017136,0.5252,0.3117,0.2135,0.0803,2.659,16,Osbpl3,TG.51.3.FA16.1,0.841119685630334,9.98036953768252e-13,0.841119685630334,0.747398063,TG,yes,0.593488194973343
TG 50:4-FA16:0,0.017175,0.1522,0.0986,0.05363,0.02018,2.658,16,Osbpl3,TG.50.4.FA16.0,0.819403452462518,1.01376717471275e-11,0.819403452462518,0.198327414,TG,yes,0.647831800262812
TG 47:1-FA14:0,0.017252,0.08469,0.05248,0.03222,0.01213,2.656,16,Osbpl3,TG.47.1.FA14.0,0.835814786307932,1.78863502635683e-12,0.835814786307932,0.095958475,TG,yes,0.619671744007557
TG 54:3-FA20:1,0.017264,1.177,0.683,0.4937,0.1859,2.656,16,Osbpl3,TG.54.3.FA20.1,0.839856885114206,1.14859528659384e-12,0.839856885114206,1.989947342,TG,yes,0.580288870008496
TG 56:4-FA20:1,0.017332,0.3081,0.196,0.1121,0.04223,2.654,16,Osbpl3,TG.56.4.FA20.1,0.843156970444239,7.98720303460064e-13,0.843156970444239,0.459912534,TG,yes,0.636157091853294
TG 51:2-FA15:0,0.017356,0.771,0.5059,0.2651,0.09992,2.653,16,Osbpl3,TG.51.2.FA15.0,0.853267646032606,2.51268031524138e-13,0.853267646032606,0.899276191,TG,yes,0.656160830090791
TG 48:0-FA16:0,0.017357,1.431,0.7339,0.6972,0.2628,2.653,16,Osbpl3,TG.48.0.FA16.0,0.83102882377976,2.98149537226635e-12,0.83102882377976,4.154135229,TG,yes,0.512858141160028
TG 50:4-FA14:0,0.017437,0.07289,0.05398,0.01891,0.007132,2.651,16,Osbpl3,TG.50.4.FA14.0,0.342936453226317,0.0273874762958615,0.342936453226317,0.1909721,TG,yes,0.740567979146659
TG 56:4-FA18:0,0.017502,0.04373,0.03084,0.01289,0.004866,2.649,16,Osbpl3,TG.56.4.FA18.0,0.89170930256526,1.90056836132998e-15,0.89170930256526,0.088232788,TG,yes,0.705236679624971
TG 56:3-FA18:0,0.017525,0.03195,0.02102,0.01093,0.004128,2.648,16,Osbpl3,TG.56.3.FA18.0,0.862618179342128,8.22457128352696e-14,0.862618179342128,0.097869999,TG,yes,0.657902973395931
TG 52:3-FA20:2,0.017532,0.1985,0.1187,0.07981,0.03014,2.648,16,Osbpl3,TG.52.3.FA20.2,0.878403216339598,1.13823502992835e-14,0.878403216339598,0.327683205,TG,yes,0.597984886649874
TG 51:2-FA16:0,0.017623,1.736,1.018,0.7176,0.2712,2.646,16,Osbpl3,TG.51.2.FA16.0,0.8482258680916,4.47740076432754e-13,0.8482258680916,2.415840723,TG,yes,0.586405529953917
TG 54:3-FA16:0,0.017702,0.9679,0.5838,0.3841,0.1453,2.643,16,Osbpl3,TG.54.3.FA16.0,0.876152275743032,1.51555398169554e-14,0.876152275743032,1.936464428,TG,yes,0.603161483624341
TG 54:4-FA16:0,0.017805,0.6705,0.4444,0.2261,0.08563,2.641,16,Osbpl3,TG.54.4.FA16.0,0.884669665146387,5.05703850792393e-15,0.884669665146387,1.16668824,TG,yes,0.662788963460104
TG 48:3-FA18:2,0.017889,0.248,0.1683,0.07967,0.0302,2.638,16,Osbpl3,TG.48.3.FA18.2,0.802225203585258,5.4035391736933e-11,0.802225203585258,0.404293187,TG,yes,0.678629032258065
TG 52:2-FA20:2,0.018039,0.04579,0.02701,0.01878,0.007127,2.634,16,Osbpl3,TG.52.2.FA20.2,0.8711445753334,2.90581284151563e-14,0.8711445753334,0.11880118,TG,yes,0.589866783140424
TG 52:3-FA14:0,0.018139,0.06056,0.03938,0.02118,0.008048,2.632,16,Osbpl3,TG.52.3.FA14.0,0.868270205844386,4.1498925010111e-14,0.868270205844386,0.086032758,TG,yes,0.650264200792602
TG 58:10-FA18:2,0.018145,0.008101,0.005608,0.002493,0.0009472,2.631,16,Osbpl3,TG.58.10.FA18.2,0.26480347362318,0.107901519171373,0.26480347362318,0.097669601,TG,no,0.692260214788298
PE P-16:0/20:3,0.018169,0.009291,0.01252,-0.003228,0.001165,2.772,11,Osbpl3,PE.P.16.0.20.3,-0.217114562432198,0.209523794225163,0.217114562432198,0.015482659,PE_P,no,1.3475406307179
TG 48:1-FA16:1,0.018173,1.829,0.9376,0.8917,0.339,2.631,16,Osbpl3,TG.48.1.FA16.1,0.835626632721441,1.82447781419364e-12,0.835626632721441,4.086550333,TG,yes,0.512629852378349
TG 52:4-FA18:1,0.018192,3.419,2.196,1.223,0.4649,2.63,16,Osbpl3,TG.52.4.FA18.1,0.851525697058092,3.07184247432655e-13,0.851525697058092,4.426779373,TG,yes,0.642293068148581
TG 52:1-FA16:1,0.018216,0.06933,0.04031,0.02902,0.01103,2.629,16,Osbpl3,TG.52.1.FA16.1,0.832752745243971,2.4816724406095e-12,0.832752745243971,0.234229214,TG,yes,0.581422183758834
TG 47:1-FA15:0,0.018333,0.1357,0.08241,0.05325,0.02027,2.626,16,Osbpl3,TG.47.1.FA15.0,0.835017587956895,3.30783992157669e-12,0.835017587956895,0.158847596,TG,yes,0.607295504789978
TG 51:1-FA18:1,0.018365,0.4235,0.2468,0.1767,0.06731,2.625,16,Osbpl3,TG.51.1.FA18.1,0.860721192189209,1.03409122222579e-13,0.860721192189209,1.022602681,TG,yes,0.582762691853601
TG 51:1-FA17:0,0.018453,0.5436,0.3156,0.228,0.08692,2.623,16,Osbpl3,TG.51.1.FA17.0,0.858513985240068,1.34629013969709e-13,0.858513985240068,0.980038055,TG,yes,0.580573951434879
TG 52:2-FA14:0,0.01846,0.1549,0.09311,0.0618,0.02356,2.623,16,Osbpl3,TG.52.2.FA14.0,0.854630120791777,2.13716455256957e-13,0.854630120791777,0.237486474,TG,yes,0.601097482246611
TG 47:0-FA15:0,0.018545,0.03825,0.02138,0.01688,0.006441,2.621,16,Osbpl3,TG.47.0.FA15.0,0.853005565954878,2.58508220805436e-13,0.853005565954878,0.068814843,TG,yes,0.558954248366013
TG 54:2-FA18:0,0.018566,1.147,0.6668,0.4807,0.1835,2.62,16,Osbpl3,TG.54.2.FA18.0,0.840649591945282,1.05213506686776e-12,0.840649591945282,4.21883984,TG,yes,0.581342632955536
PC 18:0_20:2,0.018782,0.01788,0.01238,0.005501,0.002104,2.614,16,Osbpl3,PC.18.0_20.2,0.749153799847845,4.36024460648922e-09,0.749153799847845,0.030108252,PC,yes,0.692393736017897
TG 52:4-FA20:2,0.018818,0.04368,0.02719,0.0165,0.006312,2.613,16,Osbpl3,TG.52.4.FA20.2,0.856435852863414,1.71680348130131e-13,0.856435852863414,0.056294365,TG,yes,0.622481684981685
TG 48:2-FA14:0,0.018864,1.6,0.9615,0.6383,0.2443,2.612,16,Osbpl3,TG.48.2.FA14.0,0.854057456508568,2.28880888393616e-13,0.854057456508568,2.124371548,TG,yes,0.6009375
TG 48:3-FA16:0,0.018913,0.1649,0.1083,0.05662,0.02169,2.611,16,Osbpl3,TG.48.3.FA16.0,0.836870803586862,1.59363565379454e-12,0.836870803586862,0.234373834,TG,yes,0.656761673741662
TG 54:4-FA20:2,0.019092,0.2998,0.1864,0.1134,0.04351,2.606,16,Osbpl3,TG.54.4.FA20.2,0.866688110595822,5.06533840689668e-14,0.866688110595822,0.521559164,TG,yes,0.621747831887925
TG 52:4-FA16:1,0.01917,2.986,1.933,1.053,0.4043,2.604,16,Osbpl3,TG.52.4.FA16.1,0.853183183776128,2.53708337316643e-13,0.853183183776128,3.858041923,TG,yes,0.64735432016075
TG 47:2-FA16:1,0.019306,0.1127,0.0693,0.0434,0.01668,2.601,16,Osbpl3,TG.47.2.FA16.1,0.805192171874175,4.07977311488601e-11,0.805192171874175,0.13140942,TG,yes,0.614906832298137
TG 56:2-FA18:0,0.019424,0.06367,0.03826,0.02542,0.009783,2.598,16,Osbpl3,TG.56.2.FA18.0,0.836679670314411,1.62704813307566e-12,0.836679670314411,0.280433893,TG,yes,0.600910947070834
TG 51:2-FA16:1,0.01946,0.4379,0.2557,0.1822,0.07018,2.597,16,Osbpl3,TG.51.2.FA16.1,0.846539879582543,5.42863169930365e-13,0.846539879582543,0.678960792,TG,yes,0.583923270153003
PE 16:0_18:1,0.019462,0.09205,0.1186,-0.0265,0.01021,2.597,16,Osbpl3,PE.16.0_18.1,-0.560054312758997,8.37993936670565e-05,0.560054312758997,0.130759525,PE,yes,1.28843020097773
TG 46:1-FA16:1,0.019508,0.369,0.2065,0.1625,0.06259,2.596,16,Osbpl3,TG.46.1.FA16.1,0.846003043470789,5.77563884600646e-13,0.846003043470789,0.588653636,TG,yes,0.559620596205962
TG 56:7-FA20:5,0.019696,0.03786,0.02675,0.01111,0.004288,2.591,16,Osbpl3,TG.56.7.FA20.5,0.362929532072839,0.0186494899036192,0.362929532072839,0.051565619,TG,yes,0.706550449022715
PE P-18:0/18:0,0.019789,0.000658,0.001157,-0.000499,0.0001095,4.559,3,Osbpl3,PE.P.18.0.18.0,-0.52780900855072,0.00449653280706801,0.52780900855072,0.001909081,PE_P,yes,1.75835866261398
TG 49:3-FA15:0,0.019897,0.05597,0.04016,0.01581,0.006115,2.586,16,Osbpl3,TG.49.3.FA15.0,0.718518293756599,3.58912342071356e-08,0.718518293756599,0.071583808,TG,yes,0.717527246739325
TG 51:1-FA16:0,0.019991,0.63,0.3655,0.2645,0.1024,2.584,16,Osbpl3,TG.51.1.FA16.0,0.85604819675681,1.80051659020544e-13,0.85604819675681,1.320575951,TG,yes,0.58015873015873
TG 54:2-FA18:1,0.02012,3.386,1.926,1.46,0.5657,2.581,16,Osbpl3,TG.54.2.FA18.1,0.836861761060146,1.59506335956691e-12,0.836861761060146,14.87675229,TG,yes,0.568812758417011
TG 50:4-FA18:2,0.020179,0.4157,0.2787,0.137,0.05313,2.579,16,Osbpl3,TG.50.4.FA18.2,0.806588022991462,3.57127241363971e-11,0.806588022991462,0.547907782,TG,yes,0.670435410151552
TG 50:2-FA16:0,0.020372,25.48,14.31,11.17,4.339,2.574,16,Osbpl3,TG.50.2.FA16.0,0.837902329447741,1.42474999695879e-12,0.837902329447741,42.39740858,TG,yes,0.561616954474097
TG 48:2-FA16:0,0.020383,3.339,1.885,1.454,0.5648,2.574,16,Osbpl3,TG.48.2.FA16.0,0.835694015740362,1.81122323535325e-12,0.835694015740362,5.292817185,TG,yes,0.564540281521414
TG 53:2-FA16:0,0.020465,0.5065,0.3009,0.2056,0.07994,2.572,16,Osbpl3,TG.53.2.FA16.0,0.857200174126884,1.56817628899144e-13,0.857200174126884,0.892968163,TG,yes,0.594076999012833
TG 52:5-FA18:3,0.02059,0.2759,0.1986,0.07725,0.03007,2.569,16,Osbpl3,TG.52.5.FA18.3,0.250876958427063,0.120896847446227,0.250876958427063,0.592494013,TG,no,0.719826023921711
TG 52:5-FA18:1,0.020605,0.2006,0.1379,0.06268,0.0244,2.569,16,Osbpl3,TG.52.5.FA18.1,0.812786837207745,1.96312006321918e-11,0.812786837207745,0.252856447,TG,yes,0.687437686939182
TG 50:2-FA20:2,0.020691,0.01264,0.00792,0.00472,0.001839,2.567,16,Osbpl3,TG.50.2.FA20.2,0.815875070410436,5.17315348087645e-10,0.815875070410436,0.018521753,TG,yes,0.626582278481013
TG 52:3-FA20:3,0.02088,0.06653,0.04481,0.02172,0.008476,2.562,16,Osbpl3,TG.52.3.FA20.3,0.876734589901927,1.41550126480783e-14,0.876734589901927,0.131608387,TG,yes,0.673530738012927
TG 54:5-FA18:3,0.020972,0.2479,0.1711,0.07681,0.03,2.56,16,Osbpl3,TG.54.5.FA18.3,0.812635371092045,1.99225543125723e-11,0.812635371092045,0.381564267,TG,yes,0.690197660346914
TG 54:5-FA16:1,0.021058,0.1595,0.11,0.04951,0.01936,2.558,16,Osbpl3,TG.54.5.FA16.1,0.865411177016819,5.91721094466382e-14,0.865411177016819,0.257828094,TG,yes,0.689655172413793
TG 48:2-FA16:1,0.021183,5.347,2.967,2.38,0.9313,2.555,16,Osbpl3,TG.48.2.FA16.1,0.833381883095094,2.31549081229973e-12,0.833381883095094,8.608832429,TG,yes,0.554890592855807
TG 48:1-FA18:1,0.021195,1.686,0.9646,0.7212,0.2823,2.555,16,Osbpl3,TG.48.1.FA18.1,0.85655523813451,1.69229702818202e-13,0.85655523813451,3.143882561,TG,yes,0.572123368920522
TG 50:2-FA18:1,0.021263,23.38,13.19,10.19,3.992,2.553,16,Osbpl3,TG.50.2.FA18.1,0.841394337847973,9.67450817234567e-13,0.841394337847973,38.46058514,TG,yes,0.564157399486741
TG 53:4-FA18:3,0.021295,0.01519,0.01084,0.004345,0.001702,2.553,16,Osbpl3,TG.53.4.FA18.3,0.782029226086015,3.24605197321939e-10,0.782029226086015,0.024606235,TG,yes,0.713627386438446
TG 56:4-FA20:3,0.021299,0.05143,0.03662,0.01481,0.005803,2.552,16,Osbpl3,TG.56.4.FA20.3,0.872275706208386,2.51910977115148e-14,0.872275706208386,0.157493621,TG,yes,0.712035776783978
TG 48:1-FA16:0,0.021401,6.473,3.497,2.976,1.167,2.55,16,Osbpl3,TG.48.1.FA16.0,0.844602493267441,6.78077435072973e-13,0.844602493267441,12.52019164,TG,yes,0.540244090838869
TG 50:3-FA18:1,0.021525,4.36,2.613,1.747,0.6858,2.547,16,Osbpl3,TG.50.3.FA18.1,0.849539817748075,3.84630989969367e-13,0.849539817748075,6.454449964,TG,yes,0.599311926605505
TG 50:3-FA16:1,0.021572,9.82,5.768,4.051,1.591,2.546,16,Osbpl3,TG.50.3.FA16.1,0.845928028598304,5.82388364458087e-13,0.845928028598304,15.16965867,TG,yes,0.587372708757637
TG 52:5-FA16:1,0.021773,0.3422,0.2412,0.1011,0.03977,2.542,16,Osbpl3,TG.52.5.FA16.1,0.316467953404771,0.0439814320222063,0.316467953404771,0.493666789,TG,yes,0.704850964348334
TG 50:4-FA20:3,0.02183,0.01684,0.01162,0.005216,0.002053,2.54,16,Osbpl3,TG.50.4.FA20.3,0.817421316130272,3.41343580261247e-11,0.817421316130272,0.030800422,TG,yes,0.690023752969121
TG 52:5-FA18:2,0.021834,0.3868,0.2799,0.1069,0.04208,2.54,16,Osbpl3,TG.52.5.FA18.2,0.186305105538002,0.265592645758022,0.186305105538002,0.978523502,TG,no,0.723629782833506
TG 56:2-FA20:1,0.021938,0.06965,0.04405,0.0256,0.01009,2.538,16,Osbpl3,TG.56.2.FA20.1,0.833519707631127,2.28079947837188e-12,0.833519707631127,0.491485734,TG,yes,0.632447954055994
TG 55:4-FA18:1,0.021947,0.1155,0.07532,0.04016,0.01583,2.538,16,Osbpl3,TG.55.4.FA18.1,0.847009305260845,5.14271155547213e-13,0.847009305260845,0.238766988,TG,yes,0.652121212121212
TG 52:1-FA18:0,0.021975,1.792,0.9996,0.7924,0.3123,2.537,16,Osbpl3,TG.52.1.FA18.0,0.837394360433642,1.50543677192669e-12,0.837394360433642,9.037526147,TG,yes,0.5578125
TG 47:1-FA17:0,0.022033,0.01964,0.0115,0.008132,0.003207,2.536,16,Osbpl3,TG.47.1.FA17.0,0.774553029560286,8.50768807152282e-09,0.774553029560286,0.023544306,TG,yes,0.585539714867617
TG 52:3-FA18:1,0.022266,31.97,19.12,12.85,5.077,2.53,16,Osbpl3,TG.52.3.FA18.1,0.841828774696611,9.2038840070061e-13,0.841828774696611,53.25046043,TG,yes,0.598060681889271
TG 56:1-FA16:0,0.022373,0.0158,0.01103,0.004772,0.001888,2.528,16,Osbpl3,TG.56.1.FA16.0,0.738288899140375,9.49936352059421e-09,0.738288899140375,0.054653483,TG,yes,0.698101265822785
TG 50:1-FA18:1,0.022399,8.838,4.792,4.046,1.601,2.527,16,Osbpl3,TG.50.1.FA18.1,0.836314179426796,1.6933160726123e-12,0.836314179426796,23.34705358,TG,yes,0.542204118578864
TG 54:4-FA18:1,0.022788,7.269,4.72,2.549,1.012,2.519,16,Osbpl3,TG.54.4.FA18.1,0.839447899146525,1.20152122405648e-12,0.839447899146525,10.9066372,TG,yes,0.649332783051314
TG 53:2-FA17:0,0.023016,0.7524,0.4504,0.3019,0.1201,2.514,16,Osbpl3,TG.53.2.FA17.0,0.850822278166625,3.32151150321893e-13,0.850822278166625,1.287513612,TG,yes,0.598617756512493
TG 50:2-FA16:1,0.023125,20.92,11.58,9.336,3.717,2.512,16,Osbpl3,TG.50.2.FA16.1,0.841210806208715,9.88031324743035e-13,0.841210806208715,37.33883439,TG,yes,0.553537284894837
TG 50:1-FA16:0,0.023174,22.74,12.12,10.62,4.231,2.511,16,Osbpl3,TG.50.1.FA16.0,0.832197659552036,2.63282200763841e-12,0.832197659552036,57.74917976,TG,yes,0.532981530343008
TG 48:2-FA18:1,0.02323,1.777,1.08,0.697,0.2778,2.509,16,Osbpl3,TG.48.2.FA18.1,0.8548528091087,2.08230364432815e-13,0.8548528091087,2.634748299,TG,yes,0.607765897580191
PE P-18:0/18:1,0.023407,0.004188,0.005139,-0.0009506,0.0003794,2.506,16,Osbpl3,PE.P.18.0.18.1,-0.341020115776833,0.0283911800422027,0.341020115776833,0.011111127,PE_P,yes,1.22707736389685
TG 46:1-FA14:1,0.023409,0.06428,0.03761,0.02668,0.01065,2.506,16,Osbpl3,TG.46.1.FA14.1,0.847655756462076,4.77866114044972e-13,0.847655756462076,0.117463114,TG,yes,0.585096453018046
TG 53:2-FA18:1,0.023546,1.837,1.109,0.7282,0.291,2.503,16,Osbpl3,TG.53.2.FA18.1,0.84893368958685,4.11793724375704e-13,0.84893368958685,2.959270029,TG,yes,0.603701687534023
TG 54:3-FA16:1,0.023719,0.7218,0.4133,0.3085,0.1234,2.499,16,Osbpl3,TG.54.3.FA16.1,0.836480961237508,1.66197332133899e-12,0.836480961237508,1.351722782,TG,yes,0.572596287060127
TG 58:2-FA18:1,0.023795,0.02384,0.01701,0.006825,0.002733,2.497,16,Osbpl3,TG.58.2.FA18.1,0.7830975183231,2.9644119682575e-10,0.7830975183231,0.061994,TG,yes,0.713506711409396
TG 52:4-FA14:0,0.023883,0.04022,0.0288,0.01142,0.004577,2.496,16,Osbpl3,TG.52.4.FA14.0,0.851114643404101,3.21904737003898e-13,0.851114643404101,0.070864129,TG,yes,0.716061660865241
TG 54:5-FA18:0,0.023945,0.01112,0.007988,0.003133,0.001256,2.494,16,Osbpl3,TG.54.5.FA18.0,0.168485902235172,0.32001819248806,0.168485902235172,0.027243416,TG,no,0.718345323741007
TG 52:1-FA18:1,0.024097,1.6,0.9135,0.6867,0.2757,2.491,16,Osbpl3,TG.52.1.FA18.1,0.83516512332376,1.91603443224141e-12,0.83516512332376,20.32509029,TG,yes,0.5709375
TG 56:3-FA20:0,0.024265,0.04278,0.03026,0.01252,0.005033,2.488,16,Osbpl3,TG.56.3.FA20.0,0.203507107934315,0.219169017414996,0.203507107934315,0.099377054,TG,no,0.707339878447873
TG 52:2-FA16:0,0.024329,47.91,27.13,20.78,8.356,2.486,16,Osbpl3,TG.52.2.FA16.0,0.836575157217609,1.64475365032168e-12,0.836575157217609,102.5601744,TG,yes,0.566270089751618
TG 54:4-FA18:2,0.024359,3.451,2.235,1.216,0.4892,2.486,16,Osbpl3,TG.54.4.FA18.2,0.832938204767625,2.43028156334123e-12,0.832938204767625,5.258328261,TG,yes,0.647638365691104
TG 50:0-FA14:0,0.024443,0.01102,0.00647,0.004552,0.001832,2.484,16,Osbpl3,TG.50.0.FA14.0,0.833027711320242,1.21265282685531e-11,0.833027711320242,0.030742565,TG,yes,0.587114337568058
TG 49:1-FA14:0,0.024557,0.05646,0.03429,0.02217,0.008932,2.482,16,Osbpl3,TG.49.1.FA14.0,0.831422400503751,4.87283375659887e-12,0.831422400503751,0.077558506,TG,yes,0.607332624867163
CE 18:0,0.024773,0.33,0.2475,0.08247,0.03329,2.477,16,Osbpl3,CE.18.0,0.853346263300193,2.49148553267653e-13,0.853346263300193,1.185139713,CE,yes,0.75
TG 46:1-FA14:0,0.025114,0.6256,0.3626,0.263,0.1065,2.471,16,Osbpl3,TG.46.1.FA14.0,0.847792303716013,4.70351873598702e-13,0.847792303716013,0.890005302,TG,yes,0.57960358056266
TG 48:1-FA14:0,0.025121,2.157,1.231,0.9256,0.3746,2.47,16,Osbpl3,TG.48.1.FA14.0,0.860432050594026,1.07015705780216e-13,0.860432050594026,3.939697175,TG,yes,0.570700046360686
TG 47:2-FA15:0,0.025212,0.05562,0.03677,0.01885,0.007636,2.469,16,Osbpl3,TG.47.2.FA15.0,0.780485215773859,3.69712057827648e-10,0.780485215773859,0.055424035,TG,yes,0.661093131966918
TG 56:5-FA18:2,0.025242,0.08354,0.05897,0.02457,0.009955,2.468,16,Osbpl3,TG.56.5.FA18.2,0.702670549152212,9.67390673359647e-08,0.702670549152212,0.166468947,TG,yes,0.705889394302131
TG 48:0-FA18:0,0.025248,0.02993,0.01727,0.01266,0.00513,2.468,16,Osbpl3,TG.48.0.FA18.0,0.850578382053004,3.41743802861815e-13,0.850578382053004,0.120833912,TG,yes,0.577013030404277
TG 52:2-FA18:1,0.025438,79.08,44.99,34.1,13.84,2.464,16,Osbpl3,TG.52.2.FA18.1,0.842065326520806,8.97209964187016e-13,0.842065326520806,164.9917285,TG,yes,0.568917551846232
TG 54:3-FA20:2,0.025522,0.7602,0.4558,0.3044,0.1236,2.463,16,Osbpl3,TG.54.3.FA20.2,0.862899539604697,7.94710654549118e-14,0.862899539604697,1.735330886,TG,yes,0.599579058142594
TG 50:2-FA14:0,0.02557,2.839,1.719,1.12,0.4549,2.462,16,Osbpl3,TG.50.2.FA14.0,0.855342812406058,1.96352211055616e-13,0.855342812406058,4.150246253,TG,yes,0.605494892567806
TG 48:2-FA14:1,0.025579,0.6364,0.3808,0.2557,0.1039,2.461,16,Osbpl3,TG.48.2.FA14.1,0.847360693490309,4.93341784926894e-13,0.847360693490309,1.047796588,TG,yes,0.598365807668133
TG 54:1-FA18:0,0.025891,0.1351,0.08131,0.05375,0.02189,2.455,16,Osbpl3,TG.54.1.FA18.0,0.839113055810097,1.24758835713842e-12,0.839113055810097,0.775604885,TG,yes,0.601850481125093
CE 14:1,0.02614,0.02921,0.02181,0.007393,0.003017,2.451,16,Osbpl3,CE.14.1,0.81807781398563,4.26307467769364e-10,0.81807781398563,0.037144452,CE,yes,0.746662102019856
TG 54:2-FA16:0,0.02624,2.439,1.393,1.045,0.4268,2.449,16,Osbpl3,TG.54.2.FA16.0,0.839537101294036,1.19097612135968e-12,0.839537101294036,6.135598769,TG,yes,0.571135711357114
TG 46:1-FA16:0,0.026287,0.7569,0.4394,0.3174,0.1297,2.448,16,Osbpl3,TG.46.1.FA16.0,0.854016875622077,2.29731427704301e-13,0.854016875622077,1.183232994,TG,yes,0.580525829039503
TG 54:4-FA20:3,0.026433,0.9695,0.6434,0.3261,0.1334,2.445,16,Osbpl3,TG.54.4.FA20.3,0.887324452765088,3.52736933610625e-15,0.887324452765088,2.018599087,TG,yes,0.663641052088705
TG 46:2-FA14:1,0.026508,0.1749,0.1087,0.06614,0.02707,2.444,16,Osbpl3,TG.46.2.FA14.1,0.823395685196886,6.73053130112261e-12,0.823395685196886,0.235595261,TG,yes,0.621497998856489
PE P-18:1/16:0,0.026863,0.002344,0.002835,-0.0004914,0.0002016,2.437,16,Osbpl3,PE.P.18.1.16.0,-0.585032203406845,3.20177223604e-05,0.585032203406845,0.005279434,PE_P,yes,1.20947098976109
TG 52:0-FA18:0,0.026871,0.1569,0.09312,0.06382,0.02619,2.437,16,Osbpl3,TG.52.0.FA18.0,0.833173421903074,2.36930887000777e-12,0.833173421903074,0.913872898,TG,yes,0.593499043977055
TG 49:0-FA15:0,0.026941,0.005469,0.00302,0.002449,0.001005,2.436,16,Osbpl3,TG.49.0.FA15.0,0.860103451310313,1.93896752530734e-13,0.860103451310313,0.075505175,TG,yes,0.55220332784787
TG 54:0-FA16:0,0.026977,0.01049,0.006839,0.003652,0.0015,2.435,16,Osbpl3,TG.54.0.FA16.0,0.810316960321542,2.49760684275869e-11,0.810316960321542,0.065859456,TG,yes,0.651954242135367
TG 45:0-FA16:0,0.027066,0.01789,0.01068,0.007206,0.002961,2.433,16,Osbpl3,TG.45.0.FA16.0,0.833369671545578,2.31801005747672e-12,0.833369671545578,0.026343782,TG,yes,0.596981553940749
TG 52:3-FA22:1,0.027072,0.01072,0.006645,0.004072,0.001674,2.433,16,Osbpl3,TG.52.3.FA22.1,0.851261379577471,3.16642590995625e-13,0.851261379577471,0.018346563,TG,yes,0.619869402985075
TG 50:4-FA16:1,0.027157,0.8613,0.5633,0.298,0.1226,2.432,16,Osbpl3,TG.50.4.FA16.1,0.843523892818179,7.65654530403773e-13,0.843523892818179,1.176068506,TG,yes,0.654011378149309
TG 46:2-FA14:0,0.027226,0.2261,0.1396,0.08643,0.03556,2.43,16,Osbpl3,TG.46.2.FA14.0,0.8179897394736,1.17297425765543e-11,0.8179897394736,0.249549382,TG,yes,0.617425917735515
TG 47:0-FA17:0,0.027607,0.01313,0.00784,0.005292,0.002184,2.423,16,Osbpl3,TG.47.0.FA17.0,0.820746271609254,2.46796742251867e-11,0.820746271609254,0.019469472,TG,yes,0.597105864432597
TG 52:1-FA16:0,0.02779,1.71,0.9764,0.7333,0.303,2.42,16,Osbpl3,TG.52.1.FA16.0,0.839673208430196,1.17320396535632e-12,0.839673208430196,15.36200852,TG,yes,0.570994152046784
TG 56:6-FA18:0,0.027806,0.008739,0.006123,0.002616,0.001081,2.42,16,Osbpl3,TG.56.6.FA18.0,0.0449997468001983,0.828236186238578,0.0449997468001983,0.028383214,TG,no,0.700652248541023
TG 54:2-FA20:1,0.027813,2.663,1.5,1.162,0.4804,2.42,16,Osbpl3,TG.54.2.FA20.1,0.839338025847467,1.21693422090379e-12,0.839338025847467,6.677685919,TG,yes,0.563274502440856
PE P-18:0/18:2,0.028189,0.01268,0.01417,-0.001482,0.0006143,2.413,16,Osbpl3,PE.P.18.0.18.2,-0.61779101071517,7.99673564419397e-06,0.61779101071517,0.030870609,PE_P,yes,1.11750788643533
TG 54:2-FA20:2,0.028211,0.005839,0.003342,0.002497,0.001035,2.412,16,Osbpl3,TG.54.2.FA20.2,0.864434917865482,6.63282596408714e-14,0.864434917865482,0.180506729,TG,yes,0.572358280527488
TG 46:2-FA16:1,0.028683,0.4497,0.2726,0.1771,0.07365,2.404,16,Osbpl3,TG.46.2.FA16.1,0.826039761571819,5.09542212700449e-12,0.826039761571819,0.596013001,TG,yes,0.606181899043807
TG 50:4-FA18:1,0.028838,0.1545,0.1038,0.05077,0.02114,2.401,16,Osbpl3,TG.50.4.FA18.1,0.832316759153896,2.59997443216067e-12,0.832316759153896,0.236030977,TG,yes,0.671844660194175
TG 48:3-FA16:1,0.028943,1.28,0.7667,0.5133,0.2139,2.4,16,Osbpl3,TG.48.3.FA16.1,0.818107588516007,1.15929693113471e-11,0.818107588516007,1.906398916,TG,yes,0.598984375
TG 46:0-FA16:0,0.02916,0.3788,0.2082,0.1706,0.0712,2.396,16,Osbpl3,TG.46.0.FA16.0,0.851402820269123,3.11452833628288e-13,0.851402820269123,0.746354318,TG,yes,0.549630411826821
TG 48:1-FA18:0,0.029611,0.04186,0.02338,0.01849,0.00774,2.388,16,Osbpl3,TG.48.1.FA18.0,0.836404272936022,1.67690863665566e-12,0.836404272936022,0.113544491,TG,yes,0.558528428093646
TG 50:5-FA18:3,0.02971,0.028,0.02095,0.007052,0.002955,2.386,16,Osbpl3,TG.50.5.FA18.3,0.709556104669294,6.33872013334122e-08,0.709556104669294,0.074019847,TG,yes,0.748214285714286
TG 54:5-FA20:3,0.029793,0.3611,0.2574,0.1036,0.04346,2.385,16,Osbpl3,TG.54.5.FA20.3,0.857979570335309,1.43666729841724e-13,0.857979570335309,0.628668263,TG,yes,0.712821932982553
TG 56:7-FA22:6,0.029919,0.6227,0.4297,0.1929,0.08097,2.383,16,Osbpl3,TG.56.7.FA22.6,0.296178760951058,0.0616494234311291,0.296178760951058,1.405147904,TG,no,0.690059418660671
TG 47:2-FA18:1,0.031164,0.03018,0.02047,0.009712,0.004111,2.362,16,Osbpl3,TG.47.2.FA18.1,0.839191182715561,1.23685449172778e-12,0.839191182715561,0.039820196,TG,yes,0.678263750828363
TG 55:5-FA18:1,0.031388,0.02891,0.02143,0.007483,0.003172,2.359,16,Osbpl3,TG.55.5.FA18.1,0.735033065472362,1.19035011957966e-08,0.735033065472362,0.052569141,TG,yes,0.741265997924594
TG 47:1-FA18:1,0.03221,0.05168,0.03414,0.01755,0.00748,2.346,16,Osbpl3,TG.47.1.FA18.1,0.842988127302634,8.13144174560685e-13,0.842988127302634,0.073032337,TG,yes,0.660603715170279
TG 50:5-FA16:1,0.032622,0.05049,0.03439,0.0161,0.006882,2.339,16,Osbpl3,TG.50.5.FA16.1,0.817093072115858,1.28303881597433e-11,0.817093072115858,0.074913807,TG,yes,0.681124975242622
TG 52:3-FA16:1,0.032956,12.6,7.373,5.228,2.24,2.334,16,Osbpl3,TG.52.3.FA16.1,0.835227866426121,1.90381015850557e-12,0.835227866426121,23.95167623,TG,yes,0.58515873015873
TG 48:4-FA18:3,0.033451,0.0159,0.01163,0.004279,0.001839,2.327,16,Osbpl3,TG.48.4.FA18.3,0.69547437835561,1.4874289546123e-07,0.69547437835561,0.046910525,TG,yes,0.731446540880503
TG 50:0-FA16:0,0.033491,0.3095,0.1789,0.1306,0.05616,2.326,16,Osbpl3,TG.50.0.FA16.0,0.8269231309572,4.64029924009593e-12,0.8269231309572,5.852259192,TG,yes,0.578029079159935
TG 46:2-FA16:0,0.034287,0.2043,0.13,0.0743,0.03211,2.314,16,Osbpl3,TG.46.2.FA16.0,0.827681935587719,4.28605020798298e-12,0.827681935587719,0.300491481,TG,yes,0.636319138521782
TG 46:0-FA14:0,0.034379,0.1782,0.09764,0.08052,0.03482,2.313,16,Osbpl3,TG.46.0.FA14.0,0.84849040362346,4.34029687113668e-13,0.84849040362346,0.347514957,TG,yes,0.547923681257015
PC 16:0_22:6,0.034914,1.995,1.648,0.3469,0.1505,2.305,16,Osbpl3,PC.16.0_22.6,-0.674998280726553,4.74031961638932e-07,0.674998280726553,3.589490627,PC,yes,0.826065162907268
TG 56:4-FA18:1,0.03518,0.7038,0.462,0.2417,0.1051,2.301,16,Osbpl3,TG.56.4.FA18.1,0.843373661988536,7.79319527454375e-13,0.843373661988536,1.398470531,TG,yes,0.656436487638534
TG 52:4-FA20:4,0.035364,0.0622,0.04432,0.01788,0.007782,2.298,16,Osbpl3,TG.52.4.FA20.4,0.77838992213504,4.40624229132398e-10,0.77838992213504,0.087764475,TG,yes,0.712540192926045
TG 48:3-FA14:1,0.035433,0.2513,0.1713,0.08004,0.03484,2.297,16,Osbpl3,TG.48.3.FA14.1,0.836642117069261,1.63372015416686e-12,0.836642117069261,0.313107535,TG,yes,0.681655391961799
TG 58:3-FA18:1,0.035559,0.1381,0.09364,0.04441,0.01935,2.295,16,Osbpl3,TG.58.3.FA18.1,0.80682745333448,3.49187933070014e-11,0.80682745333448,0.228868389,TG,yes,0.678059377262853
TG 50:3-FA20:3,0.035571,0.01651,0.01161,0.004905,0.002137,2.295,16,Osbpl3,TG.50.3.FA20.3,0.842816967897734,1.41556201028887e-12,0.842816967897734,0.02608139,TG,yes,0.703210175651121
TG 48:4-FA16:0,0.035582,0.01161,0.008043,0.003564,0.001553,2.295,16,Osbpl3,TG.48.4.FA16.0,0.793366483632063,1.21593833698966e-10,0.793366483632063,0.027601,TG,yes,0.692764857881137
TG 48:2-FA18:0,0.035729,0.009041,0.005427,0.003614,0.001576,2.293,16,Osbpl3,TG.48.2.FA18.0,0.857295047642531,8.34541605658362e-13,0.857295047642531,0.016630254,TG,yes,0.600265457360911
TG 52:5-FA20:4,0.036091,0.1487,0.107,0.04164,0.0182,2.288,16,Osbpl3,TG.52.5.FA20.4,0.734455517250068,1.23799431459649e-08,0.734455517250068,0.164037335,TG,yes,0.719569603227976
TG 50:5-FA18:1,0.036349,0.01157,0.008149,0.003423,0.001499,2.284,16,Osbpl3,TG.50.5.FA18.1,0.8371075628256,1.5518623044498e-12,0.8371075628256,0.024561537,TG,yes,0.704321521175454
TG 52:7-FA16:0,0.036939,0.01775,0.01179,0.005955,0.002616,2.276,16,Osbpl3,TG.52.7.FA16.0,0.854604001592936,2.14377045045741e-13,0.854604001592936,0.130018555,TG,yes,0.664225352112676
TG 44:1-FA14:1,0.037174,0.01797,0.01101,0.006962,0.003063,2.273,16,Osbpl3,TG.44.1.FA14.1,0.653798576757848,2.35999682243857e-05,0.653798576757848,0.020078016,TG,yes,0.612687813021703
TG 51:0-FA17:0,0.03803,0.005091,0.002438,0.002653,0.001173,2.261,16,Osbpl3,TG.51.0.FA17.0,0.844169685520909,7.1195166476306e-13,0.844169685520909,0.092827549,TG,yes,0.478884305637399
TG 52:5-FA16:0,0.038422,0.1356,0.09858,0.03704,0.01642,2.256,16,Osbpl3,TG.52.5.FA16.0,0.0862450658996632,0.640621032977196,0.0862450658996632,0.438106402,TG,no,0.726991150442478
TG 56:5-FA20:2,0.038666,0.06815,0.04806,0.0201,0.008922,2.253,16,Osbpl3,TG.56.5.FA20.2,0.839898533937017,1.14296900908245e-12,0.839898533937017,0.144082676,TG,yes,0.70520909757887
TG 47:2-FA18:2,0.039029,0.009135,0.006241,0.002894,0.001287,2.248,16,Osbpl3,TG.47.2.FA18.2,0.698628122691271,1.23305784879407e-07,0.698628122691271,0.024740329,TG,yes,0.6831964969896
TG 53:0-FA16:0,0.039067,0.04349,0.03204,0.01145,0.005095,2.247,16,Osbpl3,TG.53.0.FA16.0,0.396363934436177,0.00925899733995752,0.396363934436177,0.097061654,TG,yes,0.736721085306967
TG 54:7-FA18:1,0.039211,0.01832,0.01412,0.004197,0.001869,2.246,16,Osbpl3,TG.54.7.FA18.1,0.598315431009306,1.85570375992089e-05,0.598315431009306,0.056453543,TG,yes,0.770742358078603
TG 49:3-FA18:3,0.03928,0.004348,0.003191,0.001157,0.0005123,2.258,15,Osbpl3,TG.49.3.FA18.3,0.77511972654906,3.10231583048198e-08,0.77511972654906,0.009587716,TG,yes,0.733900643974241
TG 50:5-FA20:5,0.039731,0.001833,0.001198,0.000635,0.0002426,2.617,6,Osbpl3,TG.50.5.FA20.5,0.752478919781928,5.45293627858957e-06,0.752478919781928,0.003933422,TG,yes,0.653573376977632
TG 56:3-FA18:1,0.03979,1.971,1.207,0.764,0.3413,2.238,16,Osbpl3,TG.56.3.FA18.1,0.832740174849302,2.48447588767671e-12,0.832740174849302,4.990759468,TG,yes,0.612379502790462
TG 44:0-FA18:0,0.039809,0.002445,0.001186,0.001258,0.0005399,2.331,11,Osbpl3,TG.44.0.FA18.0,0.683553694229093,8.5940281755697e-05,0.683553694229093,0.003946414,TG,yes,0.485071574642127
PE O-18:0/20:3,0.040024,0.003438,0.00482,-0.001382,0.0005937,2.328,11,Osbpl3,PE.O.18.0.20.3,-0.33934179794943,0.0381879785394346,0.33934179794943,0.008910427,PE_O,yes,1.40197789412449
TG 55:3-FA18:1,0.041072,0.4124,0.2622,0.1502,0.0676,2.222,16,Osbpl3,TG.55.3.FA18.1,0.854495059394869,2.17414139677879e-13,0.854495059394869,0.789467571,TG,yes,0.635790494665373
TG 54:5-FA22:4,0.041255,0.02479,0.0181,0.006689,0.003014,2.219,16,Osbpl3,TG.54.5.FA22.4,0.795275670932675,1.02472069733061e-10,0.795275670932675,0.041028632,TG,yes,0.73013311819282
TG 54:4-FA22:4,0.04161,0.009106,0.006717,0.00239,0.001079,2.215,16,Osbpl3,TG.54.4.FA22.4,0.825309293900664,5.50135625886299e-12,0.825309293900664,0.017059883,TG,yes,0.737645508455963
TG 52:4-FA22:1,0.042066,0.009152,0.006418,0.002734,0.001237,2.209,16,Osbpl3,TG.52.4.FA22.1,0.793224935516713,1.23113149272988e-10,0.793224935516713,0.013571816,TG,yes,0.701267482517482
PC 15:0_16:1,0.0422,0.007493,0.00437,0.003122,0.00106,2.944,4,Osbpl3,PC.15.0_16.1,-0.537872564921325,0.145534887057852,0.537872564921325,0.006873267,PC,no,0.583210996930468
TG 60:12-FA22:6,0.042729,0.006818,0.004444,0.002375,0.001079,2.201,16,Osbpl3,TG.60.12.FA22.6,-0.0620980826657323,0.749543313165355,0.0620980826657323,0.052761283,TG,no,0.65180404810795
TG 56:8-FA20:5,0.043012,0.01383,0.01037,0.003465,0.001576,2.198,16,Osbpl3,TG.56.8.FA20.5,0.168375228643049,0.320368101648307,0.168375228643049,0.10032275,TG,no,0.749819233550253
TG 54:5-FA16:0,0.043329,0.2935,0.2141,0.07935,0.03616,2.194,16,Osbpl3,TG.54.5.FA16.0,0.786734767051584,2.1703332285119e-10,0.786734767051584,0.382921036,TG,yes,0.729471890971039
TG 56:5-FA16:0,0.043547,0.06802,0.05013,0.01789,0.008162,2.192,16,Osbpl3,TG.56.5.FA16.0,0.819478765649502,1.00616704702054e-11,0.819478765649502,0.1463599,TG,yes,0.73698912084681
TG 54:6-FA18:3,0.043677,0.06078,0.04733,0.01345,0.006142,2.19,16,Osbpl3,TG.54.6.FA18.3,0.361662781971961,0.0191251176658934,0.361662781971961,0.325403036,TG,yes,0.778710102007239
TG 48:3-FA18:1,0.044021,0.2035,0.1359,0.06755,0.0309,2.186,16,Osbpl3,TG.48.3.FA18.1,0.845417410145813,6.18878665095105e-13,0.845417410145813,0.260636218,TG,yes,0.667813267813268
TG 56:3-FA20:1,0.044173,1.239,0.7579,0.4813,0.2203,2.184,16,Osbpl3,TG.56.3.FA20.1,0.831923088424424,2.71291826960243e-12,0.831923088424424,3.101427356,TG,yes,0.611702986279257
TG 50:5-FA16:0,0.044399,0.0106,0.00763,0.00297,0.001361,2.182,16,Osbpl3,TG.50.5.FA16.0,0.680583271408743,3.47976522755121e-07,0.680583271408743,0.032093146,TG,yes,0.719811320754717
CE 18:3,0.044795,0.04338,0.03526,0.008118,0.003729,2.177,16,Osbpl3,CE.18.3,0.537461562664366,0.000187256556214396,0.537461562664366,0.066472457,CE,yes,0.812816966343937
TG 54:6-FA18:1,0.04516,0.1016,0.07894,0.02268,0.01044,2.173,16,Osbpl3,TG.54.6.FA18.1,0.208905592338718,0.205751031979329,0.208905592338718,0.306650585,TG,no,0.776968503937008
CE 20:3,0.045209,0.03911,0.03032,0.008785,0.004044,2.172,16,Osbpl3,CE.20.3,0.837774993179066,1.44408810626314e-12,0.837774993179066,0.059311168,CE,yes,0.775249296855024
PE P-18:0/20:3,0.045329,0.004969,0.006551,-0.001582,0.0007011,2.257,11,Osbpl3,PE.P.18.0.20.3,-0.538800584441197,0.00036018705678051,0.538800584441197,0.01200696,PE_P,yes,1.31837391829342
CE 22:1,0.045675,0.0371,0.02851,0.00859,0.003964,2.167,16,Osbpl3,CE.22.1,0.721187145920614,8.85427763446207e-08,0.721187145920614,0.038161654,CE,yes,0.768463611859838
TG 54:3-FA18:1,0.045819,30.61,18.42,12.19,5.63,2.165,16,Osbpl3,TG.54.3.FA18.1,0.828776178474361,3.81345783836972e-12,0.828776178474361,64.19864905,TG,yes,0.601764129369487
TG 47:0-FA14:0,0.046497,0.0111,0.006335,0.004766,0.002209,2.158,16,Osbpl3,TG.47.0.FA14.0,0.787554512255319,5.14081989373876e-09,0.787554512255319,0.024945381,TG,yes,0.570720720720721
TG 52:5-FA20:3,0.046611,0.04517,0.03324,0.01192,0.005528,2.156,16,Osbpl3,TG.52.5.FA20.3,0.838573320488772,1.32327996254695e-12,0.838573320488772,0.072369413,TG,yes,0.735886650431702
TG 56:5-FA22:4,0.046831,0.08995,0.06671,0.02324,0.01079,2.154,16,Osbpl3,TG.56.5.FA22.4,0.828318999736448,4.00410066898349e-12,0.828318999736448,0.181791964,TG,yes,0.741634241245136
TG 54:6-FA20:5,0.047171,0.1024,0.07222,0.03014,0.01402,2.15,16,Osbpl3,TG.54.6.FA20.5,0.00597596114364206,1,0.00597596114364206,0.159384811,TG,no,0.7052734375
TG 54:5-FA20:4,0.047201,0.6058,0.4393,0.1665,0.07746,2.15,16,Osbpl3,TG.54.5.FA20.4,0.782617523208565,3.08762420998495e-10,0.782617523208565,0.712539587,TG,yes,0.725156817431496
PC 17:0_20:3,0.047474,0.0258,0.02106,0.004742,0.002209,2.147,16,Osbpl3,PC.17.0_20.3,-0.0427411886291565,0.850008624059937,0.0427411886291565,0.028651746,PC,no,0.816279069767442
TG 58:8-FA22:6,0.047511,0.1369,0.09865,0.03822,0.0178,2.147,16,Osbpl3,TG.58.8.FA22.6,0.362144319594365,0.0189442827634536,0.362144319594365,0.460992569,TG,yes,0.720598977355734
TG 54:7-FA16:1,0.048124,0.04501,0.03371,0.01131,0.005283,2.14,16,Osbpl3,TG.54.7.FA16.1,0.56172561114865,7.88069736960537e-05,0.56172561114865,0.094558567,TG,yes,0.748944678960231
TG 54:5-FA22:1,0.048189,0.005435,0.003847,0.001589,0.0007427,2.139,16,Osbpl3,TG.54.5.FA22.1,0.38724236661114,0.0123008272626437,0.38724236661114,0.008191285,TG,yes,0.707819687212512
PE P-18:1/20:3,0.048601,0.004818,0.006095,-0.001277,0.0005761,2.217,11,Osbpl3,PE.P.18.1.20.3,0.402227916250331,0.0142097848434108,0.402227916250331,0.00742594,PE_P,yes,1.26504773765048
CE 15:0,0.049049,0.09655,0.07475,0.0218,0.01023,2.13,16,Osbpl3,CE.15.0,0.819523754792566,1.00152063686055e-11,0.819523754792566,0.12167346,CE,yes,0.774210253754531
TG 45:1-FA15:0,0.049203,0.01712,0.01085,0.006268,0.002945,2.128,16,Osbpl3,TG.45.1.FA15.0,0.674791485650074,7.29406792297679e-06,0.674791485650074,0.017119325,TG,yes,0.633761682242991
PE 14:0_18:2,0.049346,0.0009175,0.001257,-0.0003399,0.0001432,2.374,7,Osbpl3,PE.14.0_18.2,-0.281473260704851,0.246380407969777,0.281473260704851,0.003249799,PE,no,1.3700272479564
TG 50:3-FA14:1,0.049795,0.244,0.1616,0.08248,0.03887,2.122,16,Osbpl3,TG.50.3.FA14.1,0.842860728538413,8.23583484114195e-13,0.842860728538413,0.345412281,TG,yes,0.662295081967213
