Gene,Liver_lipid,bicor,adj_pval,Num_significant_corrs,Lipid_class,Max_abundance
Cd36,CE.18.1,0.907538768402937,1.95910473237847e-16,36,CE,17.24744094
Lgals1,CE.18.1,0.886475971201116,3.9441645657425e-15,36,CE,17.24744094
Anxa2,CE.18.1,0.836595984501757,1.64116394510977e-12,36,CE,17.24744094
Wfdc2,CE.18.1,0.915343378994783,4.95966035498535e-17,36,CE,17.24744094
Unc5b,CE.18.1,0.892749474206218,1.63821833834187e-15,36,CE,17.24744094
Mogat1,CE.18.1,0.819932880349037,9.60487694150871e-12,36,CE,17.24744094
H2-Q1,CE.18.1,0.839057700169281,1.25492671894808e-12,36,CE,17.24744094
Gm19619,CE.18.1,0.89509017075959,1.18667990207615e-15,36,CE,17.24744094
Anxa5,CE.18.1,0.809247533644528,2.76809558350297e-11,36,CE,17.24744094
Ifi27l2b,CE.18.1,0.851401292515012,3.11452833628288e-13,36,CE,17.24744094
Fabp2,CE.18.1,0.77281175613372,6.99964924123705e-10,36,CE,17.24744094
Cidec,CE.18.1,0.89647108218312,9.72573115103093e-16,36,CE,17.24744094
Gpc1,CE.18.1,0.834838798822916,1.98167187232583e-12,36,CE,17.24744094
Themis,CE.18.1,0.833889651896852,2.19086335691329e-12,36,CE,17.24744094
Ctse,CE.18.1,0.804551106361753,4.33590310280646e-11,36,CE,17.24744094
Plscr4,CE.18.1,0.85740262616069,1.53311005194943e-13,36,CE,17.24744094
Tceal8,CE.18.1,0.88102721941746,8.09465842555913e-15,36,CE,17.24744094
Rmdn3,CE.18.1,0.834962934094489,1.956869376243e-12,36,CE,17.24744094
Ntrk2,CE.18.1,0.804135631650212,4.50670983110515e-11,36,CE,17.24744094
Lrrc39,CE.18.1,0.814639342699541,1.6371910310155e-11,36,CE,17.24744094
Hexb,CE.18.1,0.843053516230354,8.07932141693925e-13,36,CE,17.24744094
Sema3b,CE.18.1,0.786720727512309,2.17301290071213e-10,36,CE,17.24744094
Apoa4,CE.18.1,0.884772466860908,4.99328705437176e-15,36,CE,17.24744094
Atp9a,CE.18.1,0.834075758823749,2.14840675882076e-12,36,CE,17.24744094
Pdlim2,CE.18.1,0.850740122316488,3.35168979586541e-13,36,CE,17.24744094
Prkca,CE.18.1,0.859634191140342,1.18003999089185e-13,36,CE,17.24744094
Smarca4,CE.18.1,0.844980371474293,6.49133461633175e-13,36,CE,17.24744094
Morc4,CE.18.1,0.891676891666989,1.90820963341636e-15,36,CE,17.24744094
Siae,CE.18.1,0.853688951672959,2.38920923994192e-13,36,CE,17.24744094
Abcd1,CE.18.1,0.73587377102514,1.1234480446597e-08,36,CE,17.24744094
Osbpl3,CE.18.1,0.856811198830173,1.63978737995695e-13,36,CE,17.24744094
Sulf2,CE.18.1,0.857499568764423,1.51571892407934e-13,36,CE,17.24744094
Nes,CE.18.1,0.847143237943231,5.0610603133677e-13,36,CE,17.24744094
Ermp1,CE.18.1,0.873557479649734,2.13535632875289e-14,36,CE,17.24744094
Cdc42,CE.18.1,0.798580284963347,7.57108837118341e-11,36,CE,17.24744094
Col14a1,CE.18.1,0.821347391508184,8.30650315503339e-12,36,CE,17.24744094
Mup-ps13,Cer.d18.1.22.0,0.88432263776962,5.27690478077697e-15,1,Cer,0.072280986
Serpina1e,Cer.d18.1.24.0,0.82725352161429,4.47892546257804e-12,9,Cer,0.053689098
C8b,Cer.d18.1.24.0,0.753094607919171,3.26162285198821e-09,9,Cer,0.053689098
Cspg5,Cer.d18.1.24.0,0.810201710777156,2.52489945976844e-11,9,Cer,0.053689098
Wdr26,Cer.d18.1.24.0,0.766357302568212,1.17317853689607e-09,9,Cer,0.053689098
C8a,Cer.d18.1.24.0,0.757199899657089,2.38894301204444e-09,9,Cer,0.053689098
Slco2a1,Cer.d18.1.24.0,0.713630661602277,4.90686674377384e-08,9,Cer,0.053689098
Gm8893,Cer.d18.1.24.0,0.764010001639761,1.4107961885435e-09,9,Cer,0.053689098
Apom,Cer.d18.1.24.0,0.715408151477818,4.3856218085566e-08,9,Cer,0.053689098
Tcp11l2,Cer.d18.1.24.0,0.720350350852151,3.18510623605032e-08,9,Cer,0.053689098
Cd36,Cer.d18.1.16.0,0.703651584720988,9.11651325354376e-08,15,Cer,0.035647937
Anxa2,Cer.d18.1.16.0,0.727996073645809,1.92124880575384e-08,15,Cer,0.035647937
Wfdc2,Cer.d18.1.16.0,0.715243726695532,4.43219108623228e-08,15,Cer,0.035647937
Unc5b,Cer.d18.1.16.0,0.815630527559861,1.48357177857054e-11,15,Cer,0.035647937
H2-Q1,Cer.d18.1.16.0,0.768547924686584,9.86147179170658e-10,15,Cer,0.035647937
Gm19619,Cer.d18.1.16.0,0.716778501920667,4.01571013743249e-08,15,Cer,0.035647937
Ifi27l2b,Cer.d18.1.16.0,0.707184947350002,7.34457716824877e-08,15,Cer,0.035647937
Cidec,Cer.d18.1.16.0,0.711475422662213,5.61958136228736e-08,15,Cer,0.035647937
Ntrk2,Cer.d18.1.16.0,0.715172325977276,4.45159848917117e-08,15,Cer,0.035647937
Hexb,Cer.d18.1.16.0,0.840248620545482,1.10072035068414e-12,15,Cer,0.035647937
Apoa4,Cer.d18.1.16.0,0.726574422326888,2.11522586542959e-08,15,Cer,0.035647937
Pdlim2,Cer.d18.1.16.0,0.703025633624005,9.46768698786024e-08,15,Cer,0.035647937
Siae,Cer.d18.1.16.0,0.717489135441174,3.83430533443177e-08,15,Cer,0.035647937
Cdc42,Cer.d18.1.16.0,0.711785290401652,5.51083055218114e-08,15,Cer,0.035647937
Col14a1,Cer.d18.1.16.0,0.713882298090885,4.8309764180083e-08,15,Cer,0.035647937
Cd36,DG.16.0_18.1,0.932077054698194,5.66040006232167e-18,36,DG,6.039224627
Lgals1,DG.16.0_18.1,0.926134270081924,1.60997856794999e-17,36,DG,6.039224627
Anxa2,DG.16.0_18.1,0.877375373376647,2.3014424205837e-14,36,DG,6.039224627
Wfdc2,DG.16.0_18.1,0.919554788483409,4.53455332221389e-17,36,DG,6.039224627
Unc5b,DG.16.0_18.1,0.901549989692662,8.37823225257531e-16,36,DG,6.039224627
Mogat1,DG.16.0_18.1,0.904168431617584,5.87954789258789e-16,36,DG,6.039224627
H2-Q1,DG.16.0_18.1,0.852671269996661,4.62928725849318e-13,36,DG,6.039224627
Gm19619,DG.16.0_18.1,0.88173429148862,1.29292607425385e-14,36,DG,6.039224627
Anxa5,DG.16.0_18.1,0.846741051602806,9.1048127910634e-13,36,DG,6.039224627
Ifi27l2b,DG.16.0_18.1,0.872966261222009,4.03552072183073e-14,36,DG,6.039224627
Fabp2,DG.16.0_18.1,0.71536620843099,6.23759761087422e-08,36,DG,6.039224627
Cidec,DG.16.0_18.1,0.895638886494068,1.93223760219746e-15,36,DG,6.039224627
Gpc1,DG.16.0_18.1,0.848197301705011,7.76350663317933e-13,36,DG,6.039224627
Themis,DG.16.0_18.1,0.851839835272943,5.09361825213821e-13,36,DG,6.039224627
Ctse,DG.16.0_18.1,0.849099776273514,7.00265750339752e-13,36,DG,6.039224627
Plscr4,DG.16.0_18.1,0.887664335077762,5.86959642895684e-15,36,DG,6.039224627
Tceal8,DG.16.0_18.1,0.903779365568464,6.19897878115628e-16,36,DG,6.039224627
Rmdn3,DG.16.0_18.1,0.806622404902645,5.81386265096492e-11,36,DG,6.039224627
Ntrk2,DG.16.0_18.1,0.842506980855851,1.46365428850449e-12,36,DG,6.039224627
Lrrc39,DG.16.0_18.1,0.879699965644348,1.68668877095362e-14,36,DG,6.039224627
Hexb,DG.16.0_18.1,0.838456525160984,2.27171063869022e-12,36,DG,6.039224627
Sema3b,DG.16.0_18.1,0.845455491453108,1.05440141375986e-12,36,DG,6.039224627
Apoa4,DG.16.0_18.1,0.890146439375372,4.21383758476227e-15,36,DG,6.039224627
Atp9a,DG.16.0_18.1,0.804939782284476,6.79556478858207e-11,36,DG,6.039224627
Pdlim2,DG.16.0_18.1,0.868969570643216,6.62736960153688e-14,36,DG,6.039224627
Prkca,DG.16.0_18.1,0.885120596742586,8.27338070526206e-15,36,DG,6.039224627
Smarca4,DG.16.0_18.1,0.840828635180841,1.76126614859035e-12,36,DG,6.039224627
Morc4,DG.16.0_18.1,0.897840947477072,1.42526926799721e-15,36,DG,6.039224627
Siae,DG.16.0_18.1,0.798541604775655,1.22310073072009e-10,36,DG,6.039224627
Osbpl3,DG.16.0_18.1,0.855303711039002,3.41060045369348e-13,36,DG,6.039224627
Sulf2,DG.16.0_18.1,0.839213202228399,2.09424330457871e-12,36,DG,6.039224627
Nes,DG.16.0_18.1,0.851526740580177,5.28552534195706e-13,36,DG,6.039224627
Ermp1,DG.16.0_18.1,0.852133619603823,4.9233086483717e-13,36,DG,6.039224627
Gstm2,DG.16.0_18.1,0.729091980653648,2.5848343882274e-08,36,DG,6.039224627
Cdc42,DG.16.0_18.1,0.862655587650438,1.42545354819467e-13,36,DG,6.039224627
Col14a1,DG.16.0_18.1,0.822330783047141,1.26029818783291e-11,36,DG,6.039224627
Fabp2,FA.16.0,0.728071701487185,1.91129515135443e-08,1,FA,4.448496498
Fabp2,FA.16.1,0.738424943090514,9.41071790814156e-09,1,FA,1.018250215
Serpina1e,FA.20.0,0.7315894049096,1.50753113105014e-08,5,FA,0.045050576
Plg,FA.20.0,0.730586032750421,1.6125358617572e-08,5,FA,0.045050576
Wdr26,FA.20.0,0.78798838752675,1.94896276392985e-10,5,FA,0.045050576
Slco2a1,FA.20.0,0.724839490708355,2.37454782424588e-08,5,FA,0.045050576
Tcp11l2,FA.20.0,0.724396439422989,2.44522730654471e-08,5,FA,0.045050576
Serpina1e,FA.24.1,0.723155043601558,2.6537748828686e-08,4,FA,0.01262824
Wdr26,FA.24.1,0.772836136268858,6.98694285453351e-10,4,FA,0.01262824
Slco2a1,FA.24.1,0.735948447951934,1.11766745085257e-08,4,FA,0.01262824
Tcp11l2,FA.24.1,0.700462437880284,1.10577990734072e-07,4,FA,0.01262824
Serpina1e,FA.18.4,0.760734590723961,1.82017982840953e-09,5,FA,0.012261562
Wdr26,FA.18.4,0.850646857316654,3.38969551928346e-13,5,FA,0.012261562
Slco2a1,FA.18.4,0.729020215182225,1.79256418143365e-08,5,FA,0.012261562
Hnrnpl,FA.18.4,0.754841138700602,2.86112585351691e-09,5,FA,0.012261562
Tcp11l2,FA.18.4,0.77763999237527,4.68970626772611e-10,5,FA,0.012261562
Serpina1e,FA.22.4,0.725051123218106,2.3410627052041e-08,4,FA,0.011090598
Wdr26,FA.22.4,0.741591907720062,7.54047374859871e-09,4,FA,0.011090598
Slco2a1,FA.22.4,0.730914337198297,1.57759709512688e-08,4,FA,0.011090598
Tcp11l2,FA.22.4,0.731219646245983,1.54542394770009e-08,4,FA,0.011090598
Fabp2,HexCER.d18.1.22.1,0.715317540625764,4.4113384225627e-08,1,HexCER,0.00475957
Cd36,LacCER.d18.1.18.1,0.851572261818955,1.60554249928729e-12,36,LacCER,0.00673674
Lgals1,LacCER.d18.1.18.1,0.854503844302348,1.15130270537996e-12,36,LacCER,0.00673674
Anxa2,LacCER.d18.1.18.1,0.83793999027279,7.21665026402272e-12,36,LacCER,0.00673674
Wfdc2,LacCER.d18.1.18.1,0.849012570711785,2.13210900487797e-12,36,LacCER,0.00673674
Unc5b,LacCER.d18.1.18.1,0.864925015921199,3.38365206349997e-13,36,LacCER,0.00673674
Mogat1,LacCER.d18.1.18.1,0.838523854204033,6.78632559175701e-12,36,LacCER,0.00673674
H2-Q1,LacCER.d18.1.18.1,0.799248737253859,2.97364466191241e-10,36,LacCER,0.00673674
Gm19619,LacCER.d18.1.18.1,0.861241304041709,5.25390057255181e-13,36,LacCER,0.00673674
Anxa5,LacCER.d18.1.18.1,0.789948826119102,6.5693376171872e-10,36,LacCER,0.00673674
Ifi27l2b,LacCER.d18.1.18.1,0.824602668579529,2.83696699489173e-11,36,LacCER,0.00673674
Fabp2,LacCER.d18.1.18.1,0.821709673879992,3.76614530011158e-11,36,LacCER,0.00673674
Cidec,LacCER.d18.1.18.1,0.853308389814371,1.31997517881521e-12,36,LacCER,0.00673674
Gpc1,LacCER.d18.1.18.1,0.855183525942364,1.06521858842576e-12,36,LacCER,0.00673674
Themis,LacCER.d18.1.18.1,0.848880756048534,2.16154386939777e-12,36,LacCER,0.00673674
Ctse,LacCER.d18.1.18.1,0.772293996768206,2.68683693390522e-09,36,LacCER,0.00673674
Plscr4,LacCER.d18.1.18.1,0.876824640342178,7.76900443580767e-14,36,LacCER,0.00673674
Tceal8,LacCER.d18.1.18.1,0.836127991551565,8.73595947522777e-12,36,LacCER,0.00673674
Rmdn3,LacCER.d18.1.18.1,0.841403281277795,4.95664676111379e-12,36,LacCER,0.00673674
Ntrk2,LacCER.d18.1.18.1,0.81206422136147,9.46405247335109e-11,36,LacCER,0.00673674
Lrrc39,LacCER.d18.1.18.1,0.765436326162263,4.50446830108843e-09,36,LacCER,0.00673674
Hexb,LacCER.d18.1.18.1,0.798845866253967,3.07953694556279e-10,36,LacCER,0.00673674
Sema3b,LacCER.d18.1.18.1,0.769352355380189,3.36285389573917e-09,36,LacCER,0.00673674
Apoa4,LacCER.d18.1.18.1,0.787845940887103,7.81224513069615e-10,36,LacCER,0.00673674
Atp9a,LacCER.d18.1.18.1,0.833226865641242,1.1875138758858e-11,36,LacCER,0.00673674
Pdlim2,LacCER.d18.1.18.1,0.817532840558602,5.64947545059645e-11,36,LacCER,0.00673674
Prkca,LacCER.d18.1.18.1,0.850632438525102,1.78642135918905e-12,36,LacCER,0.00673674
Smarca4,LacCER.d18.1.18.1,0.80329740315304,2.0868958073197e-10,36,LacCER,0.00673674
Morc4,LacCER.d18.1.18.1,0.82626179926703,2.40673358133044e-11,36,LacCER,0.00673674
Siae,LacCER.d18.1.18.1,0.827981170760925,2.02569492868476e-11,36,LacCER,0.00673674
Abcd1,LacCER.d18.1.18.1,0.771154513784359,2.93271885354178e-09,36,LacCER,0.00673674
Osbpl3,LacCER.d18.1.18.1,0.841350758683784,4.98661141050974e-12,36,LacCER,0.00673674
Sulf2,LacCER.d18.1.18.1,0.853385653546042,1.30852657558588e-12,36,LacCER,0.00673674
Nes,LacCER.d18.1.18.1,0.858552420024507,7.21471785026515e-13,36,LacCER,0.00673674
Ermp1,LacCER.d18.1.18.1,0.850335166369194,1.84513959428828e-12,36,LacCER,0.00673674
Cdc42,LacCER.d18.1.18.1,0.775195569104181,2.14486271410389e-09,36,LacCER,0.00673674
Col14a1,LacCER.d18.1.18.1,0.754579806646457,9.86980150956779e-09,36,LacCER,0.00673674
Fabp2,LPC.18.1,0.732535758161139,1.41357843851396e-08,1,LPC,0.13627722
Serpina1e,LPC.18.2,0.713715770258998,4.88084893488971e-08,5,LPC,0.094943159
Wdr26,LPC.18.2,0.702400813283346,9.83359725766349e-08,5,LPC,0.094943159
Cluh,LPC.18.2,0.73193351125578,1.47227904482486e-08,5,LPC,0.094943159
Apom,LPC.18.2,0.789311279321121,1.73870521502629e-10,5,LPC,0.094943159
Tcp11l2,LPC.18.2,0.708093084987542,6.94366567516384e-08,5,LPC,0.094943159
Serpina1e,LPC.18.3,0.712847722559951,0.000123608179770565,5,LPC,0.001711251
Plg,LPC.18.3,0.741828956682759,4.43015183611233e-05,5,LPC,0.001711251
Wdr26,LPC.18.3,0.745629872481551,3.82903321985881e-05,5,LPC,0.001711251
Cluh,LPC.18.3,0.769316040000729,1.46380898184392e-05,5,LPC,0.001711251
Tcp11l2,LPC.18.3,0.735453877241386,5.62161466309321e-05,5,LPC,0.001711251
Wdr26,LPC.20.0,0.75761381823711,1.00956352491605e-05,1,LPC,0.001487901
Tcp11l2,LPC.22.5,0.999408549812892,0.0324774129100534,1,LPC,0.000929617
C8b,LPE.16.0,0.706335596761274,7.73840223265847e-08,2,LPE,0.091216976
C8a,LPE.16.0,0.713327649902768,4.99914620617014e-08,2,LPE,0.091216976
Serpina1e,LPE.18.2,0.869819433420272,3.44899790291879e-14,11,LPE,0.013736051
C8b,LPE.18.2,0.787413492532028,2.04885099319161e-10,11,LPE,0.013736051
Cspg5,LPE.18.2,0.839654043191769,1.17573839789026e-12,11,LPE,0.013736051
Plg,LPE.18.2,0.824371885148011,6.0726032391618e-12,11,LPE,0.013736051
Wdr26,LPE.18.2,0.797294392678482,8.53387466902295e-11,11,LPE,0.013736051
C8a,LPE.18.2,0.759695943888447,1.97269914912819e-09,11,LPE,0.013736051
Slco2a1,LPE.18.2,0.809351543464583,2.74219103385437e-11,11,LPE,0.013736051
Gm8893,LPE.18.2,0.793975533365475,1.15100898283964e-10,11,LPE,0.013736051
Apom,LPE.18.2,0.844837249720484,6.60064341075188e-13,11,LPE,0.013736051
Hnrnpl,LPE.18.2,0.753429598207663,3.1803525494108e-09,11,LPE,0.013736051
Tcp11l2,LPE.18.2,0.744317396544282,6.20284136944594e-09,11,LPE,0.013736051
Serpina1e,PC.16.0_18.2,0.909959604041542,1.28616489397681e-16,11,PC,8.548030465
C8b,PC.16.0_18.2,0.791322783324178,1.45657832304616e-10,11,PC,8.548030465
Cspg5,PC.16.0_18.2,0.891674364405332,1.90820963341636e-15,11,PC,8.548030465
Plg,PC.16.0_18.2,0.81767278753307,1.21079854878637e-11,11,PC,8.548030465
Wdr26,PC.16.0_18.2,0.883684922117965,5.67615658938118e-15,11,PC,8.548030465
C8a,PC.16.0_18.2,0.766379433818586,1.17124750453054e-09,11,PC,8.548030465
Slco2a1,PC.16.0_18.2,0.838113484762704,1.39197183580648e-12,11,PC,8.548030465
Gm8893,PC.16.0_18.2,0.823240485068058,6.8421328186658e-12,11,PC,8.548030465
Apom,PC.16.0_18.2,0.843450599356071,7.71939792399406e-13,11,PC,8.548030465
Hnrnpl,PC.16.0_18.2,0.822902065930663,7.07993801601599e-12,11,PC,8.548030465
Tcp11l2,PC.16.0_18.2,0.809288963983508,2.75763994875071e-11,11,PC,8.548030465
Serpina1e,PC.16.0_22.6,0.7197895194876,3.30364009021644e-08,9,PC,3.589490627
Cspg5,PC.16.0_22.6,0.705963132372016,7.91538889135372e-08,9,PC,3.589490627
Plg,PC.16.0_22.6,0.706523163862324,7.65177128288405e-08,9,PC,3.589490627
Wdr26,PC.16.0_22.6,0.77083615699333,8.21572910129595e-10,9,PC,3.589490627
Slco2a1,PC.16.0_22.6,0.734035816855898,1.27435378316832e-08,9,PC,3.589490627
Cluh,PC.16.0_22.6,0.891198772516284,2.03022611936812e-15,9,PC,3.589490627
Apom,PC.16.0_22.6,0.796541020084497,9.13774103113734e-11,9,PC,3.589490627
Hnrnpl,PC.16.0_22.6,0.724764101102055,2.38692988674699e-08,9,PC,3.589490627
Tcp11l2,PC.16.0_22.6,0.745134839454817,5.84811504039362e-09,9,PC,3.589490627
C8b,PE.16.0_22.6,0.763066869609047,1.60564665887304e-07,7,PE,3.777208038
Plg,PE.16.0_22.6,0.716137615772166,2.05452090535029e-06,7,PE,3.777208038
C8a,PE.16.0_22.6,0.714466103992214,2.23014071034061e-06,7,PE,3.777208038
Cluh,PE.16.0_22.6,0.743738574886574,4.8910271803203e-07,7,PE,3.777208038
Gm8893,PE.16.0_22.6,0.800077455025903,1.39395785866105e-08,7,PE,3.777208038
Apom,PE.16.0_22.6,0.837911960149161,6.58639274013968e-10,7,PE,3.777208038
Hnrnpl,PE.16.0_22.6,0.748704761381048,3.70387435908219e-07,7,PE,3.777208038
C8b,PE.18.0_20.4,0.719372717882783,3.39481507048901e-08,3,PE,3.729028225
Plg,PE.18.0_20.4,0.704004415489232,8.92224150783106e-08,3,PE,3.729028225
C8a,PE.18.0_20.4,0.732322370526824,1.43427045530619e-08,3,PE,3.729028225
C8a,PE.16.0_20.4,0.709647913046506,6.30253468851729e-08,1,PE,1.183396101
Serpina1e,PE.18.0_18.2,0.861897848461486,8.97013710427748e-14,11,PE,0.431215394
C8b,PE.18.0_18.2,0.803787308967923,4.65832117369955e-11,11,PE,0.431215394
Cspg5,PE.18.0_18.2,0.853974245705735,2.30934321272675e-13,11,PE,0.431215394
Plg,PE.18.0_18.2,0.759768424743936,1.96165908232463e-09,11,PE,0.431215394
Wdr26,PE.18.0_18.2,0.782063054870583,3.23775619015675e-10,11,PE,0.431215394
C8a,PE.18.0_18.2,0.792409496604382,1.32382417860051e-10,11,PE,0.431215394
Slco2a1,PE.18.0_18.2,0.780192108221238,3.78884955472443e-10,11,PE,0.431215394
Gm8893,PE.18.0_18.2,0.797576439657001,8.30928721401512e-11,11,PE,0.431215394
Apom,PE.18.0_18.2,0.778826896512083,4.24958462431629e-10,11,PE,0.431215394
Hnrnpl,PE.18.0_18.2,0.739280223614,8.86843874350731e-09,11,PE,0.431215394
Tcp11l2,PE.18.0_18.2,0.725892123704413,2.2144214203133e-08,11,PE,0.431215394
C8b,PE.O.16.0.22.6,0.774642488229673,7.85047852976919e-08,9,PE_O,0.030961835
Cspg5,PE.O.16.0.22.6,0.705349210185471,3.45401621676772e-06,9,PE_O,0.030961835
Plg,PE.O.16.0.22.6,0.759916898046712,1.93835946688115e-07,9,PE_O,0.030961835
Wdr26,PE.O.16.0.22.6,0.707241957960898,3.15847219080681e-06,9,PE_O,0.030961835
C8a,PE.O.16.0.22.6,0.749727925741064,3.49389514445831e-07,9,PE_O,0.030961835
Cluh,PE.O.16.0.22.6,0.752552744057898,2.97613509678651e-07,9,PE_O,0.030961835
Gm8893,PE.O.16.0.22.6,0.76336277683052,1.57825551034399e-07,9,PE_O,0.030961835
Apom,PE.O.16.0.22.6,0.812669020555572,5.43736347713797e-09,9,PE_O,0.030961835
Hnrnpl,PE.O.16.0.22.6,0.722289859613144,1.51353221425414e-06,9,PE_O,0.030961835
C8b,PE.O.18.0.18.2,0.835965185443226,1.75875552297819e-12,5,PE_O,0.022500131
Cspg5,PE.O.18.0.18.2,0.715467687329965,4.36890025055535e-08,5,PE_O,0.022500131
Plg,PE.O.18.0.18.2,0.751004265185881,3.80677825575202e-09,5,PE_O,0.022500131
C8a,PE.O.18.0.18.2,0.845134494227892,6.38501432482555e-13,5,PE_O,0.022500131
Gm8893,PE.O.18.0.18.2,0.731266193537997,1.54115120361503e-08,5,PE_O,0.022500131
C8b,PE.O.18.0.22.5,0.796990013317957,0.000676923137051172,7,PE_O,0.00907609
Plg,PE.O.18.0.22.5,0.838009124716985,0.000183417674096979,7,PE_O,0.00907609
Wdr26,PE.O.18.0.22.5,0.809060182046339,0.000476607190367563,7,PE_O,0.00907609
C8a,PE.O.18.0.22.5,0.822426383986468,0.000313375555755096,7,PE_O,0.00907609
Cluh,PE.O.18.0.22.5,0.802703096337837,0.000575171648173168,7,PE_O,0.00907609
Gm8893,PE.O.18.0.22.5,0.774170093872286,0.00124299809945925,7,PE_O,0.00907609
Apom,PE.O.18.0.22.5,0.836505743849022,0.000193628724087916,7,PE_O,0.00907609
C8b,PE.P.18.0.22.6,0.723155797515802,1.44913324662474e-06,5,PE_P,0.073491374
Cluh,PE.P.18.0.22.6,0.761343671393432,1.77996116682213e-07,5,PE_P,0.073491374
Gm8893,PE.P.18.0.22.6,0.722725254708224,1.480672302354e-06,5,PE_P,0.073491374
Apom,PE.P.18.0.22.6,0.831629897937848,1.14484723375591e-09,5,PE_P,0.073491374
Hnrnpl,PE.P.18.0.22.6,0.764336296637269,1.4889307600138e-07,5,PE_P,0.073491374
C8b,PE.P.18.0.22.5,0.842764367351377,0.000153860121240518,8,PE_P,0.015058058
Plg,PE.P.18.0.22.5,0.867125136591467,5.70067264323569e-05,8,PE_P,0.015058058
Wdr26,PE.P.18.0.22.5,0.891873936240636,1.65686343294813e-05,8,PE_P,0.015058058
C8a,PE.P.18.0.22.5,0.827874099928235,0.000261628507317665,8,PE_P,0.015058058
Cluh,PE.P.18.0.22.5,0.756684191531219,0.00188941313540288,8,PE_P,0.015058058
Gm8893,PE.P.18.0.22.5,0.848463486466907,0.000123895120395265,8,PE_P,0.015058058
Apom,PE.P.18.0.22.5,0.863743253682648,6.61567387657038e-05,8,PE_P,0.015058058
Tcp11l2,PE.P.18.0.22.5,0.762292981560979,0.00165818682940497,8,PE_P,0.015058058
Serpina1e,PE.P.16.0.18.2,0.782680324080611,3.07137576842346e-10,9,PE_P,0.009428477
Cspg5,PE.P.16.0.18.2,0.761305132779591,1.74167795204323e-09,9,PE_P,0.009428477
Wdr26,PE.P.16.0.18.2,0.802838157962592,5.09905591127175e-11,9,PE_P,0.009428477
Slco2a1,PE.P.16.0.18.2,0.815044765285811,1.57214806191195e-11,9,PE_P,0.009428477
Cluh,PE.P.16.0.18.2,0.754532281859005,2.92754588695901e-09,9,PE_P,0.009428477
Gm8893,PE.P.16.0.18.2,0.752064728364435,3.51969955195499e-09,9,PE_P,0.009428477
Apom,PE.P.16.0.18.2,0.813203298697508,1.88695401270442e-11,9,PE_P,0.009428477
Hnrnpl,PE.P.16.0.18.2,0.778941312759162,4.20936604811226e-10,9,PE_P,0.009428477
Tcp11l2,PE.P.16.0.18.2,0.801955699938649,5.53930089953027e-11,9,PE_P,0.009428477
Serpina1e,SM.d18.1.24.1,0.760138644395231,1.90610959681779e-09,10,SM,0.364387977
Cspg5,SM.d18.1.24.1,0.744357311557861,6.18481347450178e-09,10,SM,0.364387977
Plg,SM.d18.1.24.1,0.703686434469383,9.09726112635264e-08,10,SM,0.364387977
Wdr26,SM.d18.1.24.1,0.830034483468607,3.32425882375288e-12,10,SM,0.364387977
Slco2a1,SM.d18.1.24.1,0.834868627091566,1.97577746901265e-12,10,SM,0.364387977
Cluh,SM.d18.1.24.1,0.719292826497574,3.41235158928431e-08,10,SM,0.364387977
Gm8893,SM.d18.1.24.1,0.738961380956159,9.06358637976875e-09,10,SM,0.364387977
Apom,SM.d18.1.24.1,0.77016044520332,8.67169126723651e-10,10,SM,0.364387977
Hnrnpl,SM.d18.1.24.1,0.827328053456993,4.44513774327932e-12,10,SM,0.364387977
Tcp11l2,SM.d18.1.24.1,0.822387354704813,7.45490921030623e-12,10,SM,0.364387977
Serpina1e,SM.d18.1.22.0,0.809491919680872,2.70598625125038e-11,11,SM,0.36005753
C8b,SM.d18.1.22.0,0.821343814429874,8.30789861388795e-12,11,SM,0.36005753
Cspg5,SM.d18.1.22.0,0.796780279772852,8.93333426396696e-11,11,SM,0.36005753
Plg,SM.d18.1.22.0,0.818591050287763,1.10302044214291e-11,11,SM,0.36005753
Wdr26,SM.d18.1.22.0,0.775554996113422,5.58824078692871e-10,11,SM,0.36005753
C8a,SM.d18.1.22.0,0.78345008426255,2.87753054380909e-10,11,SM,0.36005753
Slco2a1,SM.d18.1.22.0,0.785975918948954,2.31711416279784e-10,11,SM,0.36005753
Gm8893,SM.d18.1.22.0,0.779793848374216,3.91962207229949e-10,11,SM,0.36005753
Apom,SM.d18.1.22.0,0.768835504980002,9.64135375958685e-10,11,SM,0.36005753
Hnrnpl,SM.d18.1.22.0,0.703200621072949,9.37012199365608e-08,11,SM,0.36005753
Tcp11l2,SM.d18.1.22.0,0.701882071140974,1.01469948430015e-07,11,SM,0.36005753
Cd36,TG.52.2.FA18.1,0.937127522822312,2.51497067403374e-18,37,TG,164.9917285
Lgals1,TG.52.2.FA18.1,0.932835877312196,2.93797407518335e-18,37,TG,164.9917285
Anxa2,TG.52.2.FA18.1,0.907425018790994,1.9912102019161e-16,37,TG,164.9917285
Wfdc2,TG.52.2.FA18.1,0.923589347818931,1.36645032721936e-17,37,TG,164.9917285
Unc5b,TG.52.2.FA18.1,0.899447772463584,6.4531156283853e-16,37,TG,164.9917285
Mogat1,TG.52.2.FA18.1,0.917459450392339,3.48999970726258e-17,37,TG,164.9917285
H2-Q1,TG.52.2.FA18.1,0.869307382156881,3.64417865785432e-14,37,TG,164.9917285
Gm19619,TG.52.2.FA18.1,0.889843485995416,2.44116672100407e-15,37,TG,164.9917285
Anxa5,TG.52.2.FA18.1,0.882606912540017,6.58738857493184e-15,37,TG,164.9917285
Ifi27l2b,TG.52.2.FA18.1,0.880523235274747,8.62116828909308e-15,37,TG,164.9917285
Fabp2,TG.52.2.FA18.1,0.726944163039936,2.06270095361322e-08,37,TG,164.9917285
Cidec,TG.52.2.FA18.1,0.88420102323563,5.33086894624203e-15,37,TG,164.9917285
Gpc1,TG.52.2.FA18.1,0.868261376980932,4.15304868303675e-14,37,TG,164.9917285
Themis,TG.52.2.FA18.1,0.874933163038767,1.7848222190119e-14,37,TG,164.9917285
Ctse,TG.52.2.FA18.1,0.869513509531654,3.5603116349978e-14,37,TG,164.9917285
Plscr4,TG.52.2.FA18.1,0.903243281356881,3.90175160584532e-16,37,TG,164.9917285
Tceal8,TG.52.2.FA18.1,0.901603883913282,4.84986661290418e-16,37,TG,164.9917285
Rmdn3,TG.52.2.FA18.1,0.809828767765079,2.61804123778847e-11,37,TG,164.9917285
Ntrk2,TG.52.2.FA18.1,0.864139011250164,6.87597516148615e-14,37,TG,164.9917285
Lrrc39,TG.52.2.FA18.1,0.865893742128113,5.57671839842481e-14,37,TG,164.9917285
Hexb,TG.52.2.FA18.1,0.854810771085369,2.09213081082163e-13,37,TG,164.9917285
Sema3b,TG.52.2.FA18.1,0.869919272974107,3.40484448234675e-14,37,TG,164.9917285
Apoa4,TG.52.2.FA18.1,0.869885639052135,3.41473709379002e-14,37,TG,164.9917285
Atp9a,TG.52.2.FA18.1,0.822469189677068,7.39417490967213e-12,37,TG,164.9917285
Pdlim2,TG.52.2.FA18.1,0.881005679830286,8.11182903587713e-15,37,TG,164.9917285
Prkca,TG.52.2.FA18.1,0.879641574660056,9.69569947022856e-15,37,TG,164.9917285
Smarca4,TG.52.2.FA18.1,0.821612298433536,8.08016412766984e-12,37,TG,164.9917285
Morc4,TG.52.2.FA18.1,0.867859141150156,4.3729616627089e-14,37,TG,164.9917285
Siae,TG.52.2.FA18.1,0.816654873474535,1.34069390904247e-11,37,TG,164.9917285
Abcd1,TG.52.2.FA18.1,0.716001066002527,4.22072312477452e-08,37,TG,164.9917285
Osbpl3,TG.52.2.FA18.1,0.842065326520806,8.97209964187016e-13,37,TG,164.9917285
Sulf2,TG.52.2.FA18.1,0.850276277162507,3.54025249438389e-13,37,TG,164.9917285
Nes,TG.52.2.FA18.1,0.858855919770126,1.29448592170416e-13,37,TG,164.9917285
Ermp1,TG.52.2.FA18.1,0.855235350899679,1.98792879570795e-13,37,TG,164.9917285
Gstm2,TG.52.2.FA18.1,0.754830071854489,2.86325345183868e-09,37,TG,164.9917285
Cdc42,TG.52.2.FA18.1,0.8628546490687,7.98837458511841e-14,37,TG,164.9917285
Col14a1,TG.52.2.FA18.1,0.835603309819867,1.82875419984101e-12,37,TG,164.9917285
